day,wcb_raw,planned_u,called_u,reached_u,purchases_u,call_rate_pct,reach_rate_pct,conv_planned_pct,conv_reached_pct
2026-01-02,320,247,232,192,68,93.9,82.8,27.5,35.4
2026-01-03,160,124,118,98,40,95.2,83.1,32.3,40.8
2026-01-04,0,0,0,0,0,0,0,0,0
2026-01-05,652,475,238,193,100,50.1,81.1,21.1,51.8
2026-01-06,487,378,284,231,100,75.1,81.3,26.5,43.3
2026-01-07,430,331,297,244,104,89.7,82.2,31.4,42.6
2026-01-08,474,373,320,275,109,85.8,85.9,29.2,39.6
2026-01-09,391,310,285,236,84,91.9,82.8,27.1,35.6
2026-01-10,285,212,102,73,36,48.1,71.6,17.0,49.3
2026-01-11,0,0,0,0,0,0,0,0,0
2026-01-12,625,501,378,285,103,75.4,75.4,20.6,36.1
2026-01-13,391,311,287,226,82,92.3,78.7,26.4,36.3
2026-01-14,402,310,287,219,79,92.6,76.3,25.5,36.1
2026-01-15,312,261,261,208,78,100.0,79.7,29.9,37.5
2026-01-16,339,266,260,201,71,97.7,77.3,26.7,35.3
2026-01-17,212,174,142,113,43,81.6,79.6,24.7,38.1
2026-01-18,0,0,0,0,0,0,0,0,0
2026-01-19,546,420,298,239,103,71.0,80.2,24.5,43.1
2026-01-20,411,331,323,219,70,97.6,67.8,21.1,32.0
2026-01-21,486,375,342,276,92,91.2,80.7,24.5,33.3
2026-01-22,338,287,262,203,74,91.3,77.5,25.8,36.5
2026-01-23,456,347,317,263,97,91.4,83.0,28.0,36.9
2026-01-24,306,223,170,128,54,76.2,75.3,24.2,42.2
2026-01-25,0,0,0,0,0,0,0,0,0
2026-01-26,828,615,271,215,130,44.1,79.3,21.1,60.5
2026-01-27,668,483,325,247,140,67.3,76.0,29.0,56.7
2026-01-28,782,572,273,228,144,47.7,83.5,25.2,63.2
2026-01-29,768,549,280,220,128,51.0,78.6,23.3,58.2
2026-01-30,1039,723,36,24,129,5.0,66.7,17.8,537.5
2026-01-31,659,442,85,72,97,19.2,84.7,21.9,134.7
2026-02-01,0,0,0,0,0,0,0,0,0
2026-02-02,1328,936,136,97,147,14.5,71.3,15.7,151.5
2026-02-03,1001,670,62,35,110,9.3,56.5,16.4,314.3
2026-02-04,861,583,218,150,115,37.4,68.8,19.7,76.7
2026-02-05,871,595,243,159,122,40.8,65.4,20.5,76.7
2026-02-06,889,650,239,174,105,36.8,72.8,16.2,60.3
2026-02-07,580,411,139,78,64,33.8,56.1,15.6,82.1
2026-02-08,0,0,0,0,0,0,0,0,0
2026-02-09,1240,870,93,64,94,10.7,68.8,10.8,146.9
2026-02-10,815,531,179,116,94,33.7,64.8,17.7,81.0
2026-02-11,594,443,376,288,115,84.9,76.6,26.0,39.9
2026-02-12,587,437,405,289,111,92.7,71.4,25.4,38.4
2026-02-13,431,312,244,194,76,78.2,79.5,24.4,39.2
2026-02-14,225,157,131,108,51,83.4,82.4,32.5,47.2
2026-02-15,0,0,0,0,0,0,0,0,0
2026-02-16,567,427,321,238,91,75.2,74.1,21.3,38.2
2026-02-17,477,355,301,241,78,84.8,80.1,22.0,32.4
2026-02-18,437,334,239,195,77,71.6,81.6,23.1,39.5
2026-02-19,495,374,292,237,82,78.1,81.2,21.9,34.6
2026-02-20,396,303,282,229,84,93.1,81.2,27.7,36.7
2026-02-21,263,186,114,69,38,61.3,60.5,20.4,55.1
2026-02-22,0,0,0,0,0,0,0,0,0
2026-02-23,492,400,383,329,109,95.8,85.9,27.3,33.1
2026-02-24,331,260,260,219,76,100.0,84.2,29.2,34.7
2026-02-25,326,250,246,207,76,98.4,84.1,30.4,36.7
2026-02-26,333,270,256,216,69,94.8,84.4,25.6,31.9
2026-02-27,319,250,239,200,62,95.6,83.7,24.8,31.0
2026-02-28,215,168,156,127,38,92.9,81.4,22.6,29.9
2026-03-01,0,0,0,0,0,0,0,0,0
2026-03-02,634,510,456,378,146,89.4,82.9,28.6,38.6
2026-03-03,502,400,374,292,114,93.5,78.1,28.5,39.0
2026-03-04,463,364,353,307,111,97.0,87.0,30.5,36.2
2026-03-05,549,441,416,330,107,94.3,79.3,24.3,32.4
2026-03-06,435,348,341,290,94,98.0,85.0,27.0,32.4
2026-03-07,264,205,191,150,48,93.2,78.5,23.4,32.0
2026-03-08,0,0,0,0,0,0,0,0,0
2026-03-09,704,571,514,402,127,90.0,78.2,22.2,31.6
2026-03-10,512,397,366,300,99,92.2,82.0,24.9,33.0
2026-03-11,551,429,399,324,124,93.0,81.2,28.9,38.3
2026-03-12,423,311,261,219,63,83.9,83.9,20.3,28.8
2026-03-13,320,261,261,223,72,100.0,85.4,27.6,32.3
2026-03-14,217,175,174,146,43,99.4,83.9,24.6,29.5
2026-03-15,0,0,0,0,0,0,0,0,0
2026-03-16,461,339,331,263,91,97.6,79.5,26.8,34.6
2026-03-17,264,215,213,181,48,99.1,85.0,22.3,26.5
2026-03-18,356,270,258,222,69,95.6,86.0,25.6,31.1
2026-03-19,306,244,233,198,47,95.5,85.0,19.3,23.7
2026-03-20,299,233,225,180,52,96.6,80.0,22.3,28.9
2026-03-21,218,166,165,134,37,99.4,81.2,22.3,27.6
2026-03-22,0,0,0,0,0,0,0,0,0
2026-03-23,640,517,478,374,100,92.5,78.2,19.3,26.7
2026-03-24,447,359,330,273,94,91.9,82.7,26.2,34.4
2026-03-25,456,360,322,252,86,89.4,78.3,23.9,34.1
2026-03-26,413,332,326,261,82,98.2,80.1,24.7,31.4
2026-03-27,405,320,269,211,76,84.1,78.4,23.8,36.0
2026-03-28,279,213,201,158,50,94.4,78.6,23.5,31.6
2026-03-29,0,0,0,0,0,0,0,0,0
2026-03-30,690,531,399,307,116,75.1,76.9,21.8,37.8
2026-03-31,440,336,326,247,90,97.0,75.8,26.8,36.4
2026-04-01,541,410,333,245,102,81.2,73.6,24.9,41.6
2026-04-02,574,423,309,238,81,73.0,77.0,19.1,34.0
2026-04-03,491,370,267,210,58,72.2,78.7,15.7,27.6
2026-04-04,254,187,151,116,32,80.7,76.8,17.1,27.6
2026-04-05,0,0,0,0,0,0,0,0,0
2026-04-06,0,0,0,0,0,0,0,0,0
2026-04-07,804,587,189,139,79,32.2,73.5,13.5,56.8
2026-04-08,550,414,368,304,118,88.9,82.6,28.5,38.8
2026-04-09,472,366,365,302,108,99.7,82.7,29.5,35.8
2026-04-10,391,296,277,232,76,93.6,83.8,25.7,32.8
2026-04-11,257,200,184,143,47,92.0,77.7,23.5,32.9
2026-04-12,0,0,0,0,0,0,0,0,0
2026-04-13,605,474,423,339,122,89.2,80.1,25.7,36.0
2026-04-14,441,341,328,281,95,96.2,85.7,27.9,33.8
2026-04-15,514,398,366,288,104,92.0,78.7,26.1,36.1
2026-04-16,346,258,257,221,74,99.6,86.0,28.7,33.5
2026-04-17,284,224,210,177,62,93.8,84.3,27.7,35.0
2026-04-18,177,139,124,92,36,89.2,74.2,25.9,39.1
2026-04-19,0,0,0,0,0,0,0,0,0
2026-04-20,393,319,305,256,83,95.6,83.9,26.0,32.4
2026-04-21,335,266,263,225,75,98.9,85.6,28.2,33.3
2026-04-22,303,241,240,202,57,99.6,84.2,23.7,28.2
2026-04-23,264,223,221,180,54,99.1,81.4,24.2,30.0
2026-04-24,261,216,214,192,66,99.1,89.7,30.6,34.4
2026-04-25,178,146,143,109,39,97.9,76.2,26.7,35.8
2026-04-26,0,0,0,0,0,0,0,0,0
2026-04-27,520,339,286,237,79,84.4,82.9,23.3,33.3
2026-04-28,322,257,255,213,73,99.2,83.5,28.4,34.3
2026-04-29,298,242,242,201,75,100.0,83.1,31.0,37.3
2026-04-30,293,238,236,204,58,99.2,86.4,24.4,28.4
2026-05-01,0,0,0,0,0,0,0,0,0
2026-05-02,279,227,179,138,57,78.9,77.1,25.1,41.3
2026-05-03,0,0,0,0,0,0,0,0,0
2026-05-04,603,495,471,370,129,95.2,78.6,26.1,34.9
2026-05-05,561,446,434,347,125,97.3,80.0,28.0,36.0
2026-05-06,555,427,420,347,131,98.4,82.6,30.7,37.8
2026-05-07,510,416,377,315,112,90.6,83.6,26.9,35.6
2026-05-08,0,0,0,0,0,0,0,0,0
2026-05-09,474,372,245,173,66,65.9,70.6,17.7,38.2
2026-05-10,0,0,0,0,0,0,0,0,0
2026-05-11,608,504,494,404,156,98.0,81.8,31.0,38.6
2026-05-12,408,348,343,281,78,98.6,81.9,22.4,27.8
2026-05-13,419,342,341,278,89,99.7,81.5,26.0,32.0
2026-05-14,0,0,0,0,0,0,0,0,0
2026-05-15,413,338,338,276,76,100.0,81.7,22.5,27.5
2026-05-16,157,115,114,91,32,99.1,79.8,27.8,35.2
2026-05-17,0,0,0,0,0,0,0,0,0
2026-05-18,394,329,328,273,79,99.7,83.2,24.0,28.9
2026-05-19,334,291,289,241,69,99.3,83.4,23.7,28.6
2026-05-20,380,312,307,261,61,98.4,85.0,19.6,23.4
2026-05-21,340,265,264,231,66,99.6,87.5,24.9,28.6
2026-05-22,315,251,251,226,55,100.0,90.0,21.9,24.3
2026-05-23,205,160,157,134,34,98.1,85.4,21.2,25.4
2026-05-24,0,0,0,0,0,0,0,0,0
2026-05-25,0,0,0,0,0,0,0,0,0
2026-05-26,522,434,405,327,97,93.3,80.7,22.4,29.7
2026-05-27,298,249,249,213,72,100.0,85.5,28.9,33.8
2026-05-28,274,224,223,193,52,99.6,86.5,23.2,26.9
2026-05-29,290,239,239,216,67,100.0,90.4,28.0,31.0
2026-05-30,193,154,153,118,32,99.4,77.1,20.8,27.1
2026-05-31,0,0,0,0,0,0,0,0,0
2026-06-01,615,478,394,327,111,82.4,83.0,23.2,33.9
2026-06-02,393,329,320,278,74,97.3,86.9,22.5,26.6
2026-06-03,422,351,328,269,92,93.4,82.0,26.2,34.2
2026-06-04,694,564,517,389,97,91.7,75.2,17.2,24.9
2026-06-05,533,432,417,314,73,96.5,75.3,16.9,23.2
2026-06-06,281,219,130,100,30,59.4,76.9,13.7,30.0
