week,page,wcb_raw,planned_u,called_u,reached_u,purchases_u,call_rate_pct,reach_rate_pct,conv_planned_pct,conv_reached_pct
2026-W01,shop,198,156,147,123,47,94.2,83.7,30.1,38.2
2026-W01,unknown,9,5,5,4,4,100.0,80.0,80.0,100.0
2026-W01,product/pack-permis-complet,46,39,35,32,10,89.7,91.4,25.6,31.2
2026-W01,product/pack-permis-complet-sans-code,57,41,39,27,8,95.1,69.2,19.5,29.6
2026-W01,product/pack-permis-complet-sans-code-lead,39,30,28,22,10,93.3,78.6,33.3,45.5
2026-W01,product/pack-permis-complet-revolut,0,0,0,0,0,0,0,0,0
2026-W01,product/pack-permis-complet-boite-automatique,14,14,12,10,3,85.7,83.3,21.4,30.0
2026-W01,emailcrm,6,6,6,5,1,100.0,83.3,16.7,20.0
2026-W01,product/pack-permis-complet-boite-automatique-sans-code,24,17,15,11,6,88.2,73.3,35.3,54.5
2026-W01,product/pack-permis-complet-boite-automatique-sans-code-lead,20,20,20,17,5,100.0,85.0,25.0,29.4
2026-W01,product/pack-5h,12,11,11,5,1,100.0,45.5,9.1,20.0
2026-W01,product/pack-10h,7,6,5,3,0,83.3,60.0,0.0,0.0
2026-W01,product/conduite-accompagnee-first,8,8,8,5,3,100.0,62.5,37.5,60.0
2026-W01,product/pack-20h,0,0,0,0,0,0,0,0,0
2026-W01,product/pack-permis-complet-boite-automatique-revolut,0,0,0,0,0,0,0,0,0
2026-W01,emailcrmheader,0,0,0,0,0,0,0,0,0
2026-W01,product/pack-5h-boite-automatique,8,8,8,5,2,100.0,62.5,25.0,40.0
2026-W01,product/pack-10h-boite-automatique,4,4,4,3,0,100.0,75.0,0.0,0.0
2026-W01,checkout/pack-permis-complet,3,3,3,2,1,100.0,66.7,33.3,50.0
2026-W01,product/conduite-accompagnee-boite-automatique-first,5,5,4,4,3,80.0,100.0,60.0,75.0
2026-W01,checkout/pack-permis-complet-sans-code,2,2,2,0,0,100.0,0.0,0.0,0
2026-W01,infocards,0,0,0,0,0,0,0,0,0
2026-W01,checkout/pack-permis-complet-sans-code-lead,2,2,2,2,1,100.0,100.0,50.0,50.0
2026-W01,checkout/pack-permis-complet-boite-automatique,1,1,1,1,1,100.0,100.0,100.0,100.0
2026-W01,checkout/pack-permis-complet-revolut,0,0,0,0,0,0,0,0,0
2026-W01,checkout/pack-permis-complet-boite-automatique-sans-code-lead,1,1,1,1,0,100.0,100.0,0.0,0.0
2026-W01,checkout/pack-5h,2,2,1,1,0,50.0,100.0,0.0,0.0
2026-W01,checkout/conduite-accompagnee-first,1,1,0,0,0,0.0,0,0.0,0
2026-W01,checkout/pack-permis-complet-boite-automatique-sans-code,2,2,2,1,0,100.0,50.0,0.0,0.0
2026-W01,checkout/pack-5h-boite-automatique,1,1,1,1,1,100.0,100.0,100.0,100.0
2026-W01,product/rendez-vous-pedagogiques,0,0,0,0,0,0,0,0,0
2026-W01,checkout/pack-10h,0,0,0,0,0,0,0,0,0
2026-W01,checkout/pack-permis-complet-boite-automatique-revolut,0,0,0,0,0,0,0,0,0
2026-W01,chatbot_support,6,6,6,6,2,100.0,100.0,33.3,33.3
2026-W01,product/pack-permis-casa-nord-france,0,0,0,0,0,0,0,0,0
2026-W01,home_widget,1,1,1,1,0,100.0,100.0,0.0,0.0
2026-W01,checkout/pack-10h-boite-automatique,0,0,0,0,0,0,0,0,0
2026-W01,checkout/pack-20h,0,0,0,0,0,0,0,0,0
2026-W01,checkout/conduite-accompagnee-boite-automatique-first,1,1,1,1,1,100.0,100.0,100.0,100.0
2026-W01,product/pack-permis-boite-automatique-casa-nord-france,0,0,0,0,0,0,0,0,0
2026-W01,product/rendez-vous-pedagogiques-automatique,0,0,0,0,0,0,0,0,0
2026-W01,checkout/pack-permis-complet-boite-automatique-sans-code-et-reussite-conduite-plus,0,0,0,0,0,0,0,0,0
2026-W01,checkout/pack-permis-complet-et-reussite-code-plus,0,0,0,0,0,0,0,0,0
2026-W01,checkout/pack-permis-casa-nord-france,0,0,0,0,0,0,0,0,0
2026-W01,checkout/rendez-vous-pedagogiques,0,0,0,0,0,0,0,0,0
2026-W01,checkout/pack-permis-complet-boite-automatique-et-reussite-code-plus,0,0,0,0,0,0,0,0,0
2026-W01,checkout/pack-permis-boite-automatique-casa-nord-france,0,0,0,0,0,0,0,0,0
2026-W01,checkout/pack-permis-complet-boite-automatique-sans-code-et-reussite-conduite-plus-lead,0,0,0,0,0,0,0,0,0
2026-W01,emailcrm&utm_medium=email&utm_source=crm&utm_campaign=3b74f603-2f61-4df1-9869-4dff5e11d8e9,0,0,0,0,0,0,0,0,0
2026-W01,permis_widget,0,0,0,0,0,0,0,0,0
2026-W02,shop,1033,735,554,467,180,75.4,84.3,24.5,38.5
2026-W02,unknown,43,35,21,14,8,60.0,66.7,22.9,57.1
2026-W02,product/pack-permis-complet,368,276,212,177,61,76.8,83.5,22.1,34.5
2026-W02,product/pack-permis-complet-sans-code,262,179,134,112,64,74.9,83.6,35.8,57.1
2026-W02,product/pack-permis-complet-sans-code-lead,192,146,105,82,53,71.9,78.1,36.3,64.6
2026-W02,product/pack-permis-complet-revolut,0,0,0,0,0,0,0,0,0
2026-W02,product/pack-permis-complet-boite-automatique,112,90,63,50,21,70.0,79.4,23.3,42.0
2026-W02,emailcrm,64,55,42,35,12,76.4,83.3,21.8,34.3
2026-W02,product/pack-permis-complet-boite-automatique-sans-code,85,63,49,40,18,77.8,81.6,28.6,45.0
2026-W02,product/pack-permis-complet-boite-automatique-sans-code-lead,97,75,57,42,15,76.0,73.7,20.0,35.7
2026-W02,product/pack-5h,59,51,37,27,6,72.5,73.0,11.8,22.2
2026-W02,product/pack-10h,61,48,38,30,10,79.2,78.9,20.8,33.3
2026-W02,product/conduite-accompagnee-first,92,77,51,42,20,66.2,82.4,26.0,47.6
2026-W02,product/pack-20h,0,0,0,0,0,0,0,0,0
2026-W02,product/pack-permis-complet-boite-automatique-revolut,0,0,0,0,0,0,0,0,0
2026-W02,emailcrmheader,0,0,0,0,0,0,0,0,0
2026-W02,product/pack-5h-boite-automatique,30,24,17,13,4,70.8,76.5,16.7,30.8
2026-W02,product/pack-10h-boite-automatique,33,23,14,12,5,60.9,85.7,21.7,41.7
2026-W02,checkout/pack-permis-complet,29,28,16,13,3,57.1,81.2,10.7,23.1
2026-W02,product/conduite-accompagnee-boite-automatique-first,36,26,15,12,8,57.7,80.0,30.8,66.7
2026-W02,checkout/pack-permis-complet-sans-code,21,20,13,11,9,65.0,84.6,45.0,81.8
2026-W02,infocards,0,0,0,0,0,0,0,0,0
2026-W02,checkout/pack-permis-complet-sans-code-lead,14,13,11,8,5,84.6,72.7,38.5,62.5
2026-W02,checkout/pack-permis-complet-boite-automatique,8,7,5,3,1,71.4,60.0,14.3,33.3
2026-W02,checkout/pack-permis-complet-revolut,0,0,0,0,0,0,0,0,0
2026-W02,checkout/pack-permis-complet-boite-automatique-sans-code-lead,3,3,3,3,0,100.0,100.0,0.0,0.0
2026-W02,checkout/pack-5h,2,2,1,1,1,50.0,100.0,50.0,100.0
2026-W02,checkout/conduite-accompagnee-first,5,5,4,4,3,80.0,100.0,60.0,75.0
2026-W02,checkout/pack-permis-complet-boite-automatique-sans-code,4,4,4,2,0,100.0,50.0,0.0,0.0
2026-W02,checkout/pack-5h-boite-automatique,6,6,4,2,1,66.7,50.0,16.7,50.0
2026-W02,product/rendez-vous-pedagogiques,4,4,3,2,0,75.0,66.7,0.0,0.0
2026-W02,checkout/pack-10h,3,3,1,0,0,33.3,0.0,0.0,0
2026-W02,checkout/pack-permis-complet-boite-automatique-revolut,0,0,0,0,0,0,0,0,0
2026-W02,chatbot_support,42,30,26,20,7,86.7,76.9,23.3,35.0
2026-W02,product/pack-permis-casa-nord-france,0,0,0,0,0,0,0,0,0
2026-W02,home_widget,2,2,2,1,1,100.0,50.0,50.0,100.0
2026-W02,checkout/pack-10h-boite-automatique,2,2,2,2,0,100.0,100.0,0.0,0.0
2026-W02,checkout/pack-20h,0,0,0,0,0,0,0,0,0
2026-W02,checkout/conduite-accompagnee-boite-automatique-first,4,4,3,0,0,75.0,0.0,0.0,0
2026-W02,product/pack-permis-boite-automatique-casa-nord-france,0,0,0,0,0,0,0,0,0
2026-W02,product/rendez-vous-pedagogiques-automatique,0,0,0,0,0,0,0,0,0
2026-W02,checkout/pack-permis-complet-boite-automatique-sans-code-et-reussite-conduite-plus,0,0,0,0,0,0,0,0,0
2026-W02,checkout/pack-permis-complet-et-reussite-code-plus,3,1,1,1,0,100.0,100.0,0.0,0.0
2026-W02,checkout/pack-permis-casa-nord-france,0,0,0,0,0,0,0,0,0
2026-W02,checkout/rendez-vous-pedagogiques,0,0,0,0,0,0,0,0,0
2026-W02,checkout/pack-permis-complet-boite-automatique-et-reussite-code-plus,0,0,0,0,0,0,0,0,0
2026-W02,checkout/pack-permis-boite-automatique-casa-nord-france,0,0,0,0,0,0,0,0,0
2026-W02,checkout/pack-permis-complet-boite-automatique-sans-code-et-reussite-conduite-plus-lead,0,0,0,0,0,0,0,0,0
2026-W02,emailcrm&utm_medium=email&utm_source=crm&utm_campaign=3b74f603-2f61-4df1-9869-4dff5e11d8e9,0,0,0,0,0,0,0,0,0
2026-W02,permis_widget,0,0,0,0,0,0,0,0,0
2026-W03,shop,889,704,628,498,164,89.2,79.3,23.3,32.9
2026-W03,unknown,41,37,31,22,12,83.8,71.0,32.4,54.5
2026-W03,product/pack-permis-complet,320,265,235,166,53,88.7,70.6,20.0,31.9
2026-W03,product/pack-permis-complet-sans-code,203,156,128,89,36,82.1,69.5,23.1,40.4
2026-W03,product/pack-permis-complet-sans-code-lead,154,125,107,84,40,85.6,78.5,32.0,47.6
2026-W03,product/pack-permis-complet-revolut,0,0,0,0,0,0,0,0,0
2026-W03,product/pack-permis-complet-boite-automatique,101,89,79,64,26,88.8,81.0,29.2,40.6
2026-W03,emailcrm,53,43,41,32,10,95.3,78.0,23.3,31.2
2026-W03,product/pack-permis-complet-boite-automatique-sans-code,72,62,56,46,20,90.3,82.1,32.3,43.5
2026-W03,product/pack-permis-complet-boite-automatique-sans-code-lead,81,67,61,41,19,91.0,67.2,28.4,46.3
2026-W03,product/pack-5h,71,61,54,40,7,88.5,74.1,11.5,17.5
2026-W03,product/pack-10h,49,41,29,19,8,70.7,65.5,19.5,42.1
2026-W03,product/conduite-accompagnee-first,81,62,53,45,18,85.5,84.9,29.0,40.0
2026-W03,product/pack-20h,0,0,0,0,0,0,0,0,0
2026-W03,product/pack-permis-complet-boite-automatique-revolut,0,0,0,0,0,0,0,0,0
2026-W03,emailcrmheader,0,0,0,0,0,0,0,0,0
2026-W03,product/pack-5h-boite-automatique,29,19,19,11,3,100.0,57.9,15.8,27.3
2026-W03,product/pack-10h-boite-automatique,28,26,21,15,5,80.8,71.4,19.2,33.3
2026-W03,checkout/pack-permis-complet,28,24,22,15,3,91.7,68.2,12.5,20.0
2026-W03,product/conduite-accompagnee-boite-automatique-first,15,13,11,10,6,84.6,90.9,46.2,60.0
2026-W03,checkout/pack-permis-complet-sans-code,15,15,15,14,7,100.0,93.3,46.7,50.0
2026-W03,infocards,0,0,0,0,0,0,0,0,0
2026-W03,checkout/pack-permis-complet-sans-code-lead,11,11,9,8,3,81.8,88.9,27.3,37.5
2026-W03,checkout/pack-permis-complet-boite-automatique,12,11,9,6,3,81.8,66.7,27.3,50.0
2026-W03,checkout/pack-permis-complet-revolut,0,0,0,0,0,0,0,0,0
2026-W03,checkout/pack-permis-complet-boite-automatique-sans-code-lead,8,7,6,5,3,85.7,83.3,42.9,60.0
2026-W03,checkout/pack-5h,0,0,0,0,0,0,0,0,0
2026-W03,checkout/conduite-accompagnee-first,7,4,4,3,3,100.0,75.0,75.0,100.0
2026-W03,checkout/pack-permis-complet-boite-automatique-sans-code,4,4,4,4,2,100.0,100.0,50.0,50.0
2026-W03,checkout/pack-5h-boite-automatique,3,2,2,1,0,100.0,50.0,0.0,0.0
2026-W03,product/rendez-vous-pedagogiques,2,1,1,1,0,100.0,100.0,0.0,0.0
2026-W03,checkout/pack-10h,2,2,1,1,0,50.0,100.0,0.0,0.0
2026-W03,checkout/pack-permis-complet-boite-automatique-revolut,0,0,0,0,0,0,0,0,0
2026-W03,chatbot_support,0,0,0,0,0,0,0,0,0
2026-W03,product/pack-permis-casa-nord-france,0,0,0,0,0,0,0,0,0
2026-W03,home_widget,1,1,1,1,1,100.0,100.0,100.0,100.0
2026-W03,checkout/pack-10h-boite-automatique,0,0,0,0,0,0,0,0,0
2026-W03,checkout/pack-20h,0,0,0,0,0,0,0,0,0
2026-W03,checkout/conduite-accompagnee-boite-automatique-first,0,0,0,0,0,0,0,0,0
2026-W03,product/pack-permis-boite-automatique-casa-nord-france,0,0,0,0,0,0,0,0,0
2026-W03,product/rendez-vous-pedagogiques-automatique,0,0,0,0,0,0,0,0,0
2026-W03,checkout/pack-permis-complet-boite-automatique-sans-code-et-reussite-conduite-plus,0,0,0,0,0,0,0,0,0
2026-W03,checkout/pack-permis-complet-et-reussite-code-plus,1,1,1,1,1,100.0,100.0,100.0,100.0
2026-W03,checkout/pack-permis-casa-nord-france,0,0,0,0,0,0,0,0,0
2026-W03,checkout/rendez-vous-pedagogiques,0,0,0,0,0,0,0,0,0
2026-W03,checkout/pack-permis-complet-boite-automatique-et-reussite-code-plus,0,0,0,0,0,0,0,0,0
2026-W03,checkout/pack-permis-boite-automatique-casa-nord-france,0,0,0,0,0,0,0,0,0
2026-W03,checkout/pack-permis-complet-boite-automatique-sans-code-et-reussite-conduite-plus-lead,0,0,0,0,0,0,0,0,0
2026-W03,emailcrm&utm_medium=email&utm_source=crm&utm_campaign=3b74f603-2f61-4df1-9869-4dff5e11d8e9,0,0,0,0,0,0,0,0,0
2026-W03,permis_widget,0,0,0,0,0,0,0,0,0
2026-W04,shop,1123,831,731,586,201,88.0,80.2,24.2,34.3
2026-W04,unknown,55,47,37,27,14,78.7,73.0,29.8,51.9
2026-W04,product/pack-permis-complet,272,230,197,145,55,85.7,73.6,23.9,37.9
2026-W04,product/pack-permis-complet-sans-code,217,156,142,108,52,91.0,76.1,33.3,48.1
2026-W04,product/pack-permis-complet-sans-code-lead,146,117,100,72,33,85.5,72.0,28.2,45.8
2026-W04,product/pack-permis-complet-revolut,0,0,0,0,0,0,0,0,0
2026-W04,product/pack-permis-complet-boite-automatique,113,99,87,56,19,87.9,64.4,19.2,33.9
2026-W04,emailcrm,57,50,45,41,15,90.0,91.1,30.0,36.6
2026-W04,product/pack-permis-complet-boite-automatique-sans-code,82,61,55,42,22,90.2,76.4,36.1,52.4
2026-W04,product/pack-permis-complet-boite-automatique-sans-code-lead,80,68,59,45,20,86.8,76.3,29.4,44.4
2026-W04,product/pack-5h,53,42,39,25,2,92.9,64.1,4.8,8.0
2026-W04,product/pack-10h,62,50,37,28,8,74.0,75.7,16.0,28.6
2026-W04,product/conduite-accompagnee-first,92,78,60,47,20,76.9,78.3,25.6,42.6
2026-W04,product/pack-20h,0,0,0,0,0,0,0,0,0
2026-W04,product/pack-permis-complet-boite-automatique-revolut,0,0,0,0,0,0,0,0,0
2026-W04,emailcrmheader,0,0,0,0,0,0,0,0,0
2026-W04,product/pack-5h-boite-automatique,17,16,15,7,3,93.8,46.7,18.8,42.9
2026-W04,product/pack-10h-boite-automatique,28,27,22,13,6,81.5,59.1,22.2,46.2
2026-W04,checkout/pack-permis-complet,27,24,22,16,0,91.7,72.7,0.0,0.0
2026-W04,product/conduite-accompagnee-boite-automatique-first,37,30,24,19,6,80.0,79.2,20.0,31.6
2026-W04,checkout/pack-permis-complet-sans-code,19,16,11,7,4,68.8,63.6,25.0,57.1
2026-W04,infocards,0,0,0,0,0,0,0,0,0
2026-W04,checkout/pack-permis-complet-sans-code-lead,11,11,8,5,4,72.7,62.5,36.4,80.0
2026-W04,checkout/pack-permis-complet-boite-automatique,8,7,4,4,0,57.1,100.0,0.0,0.0
2026-W04,checkout/pack-permis-complet-revolut,0,0,0,0,0,0,0,0,0
2026-W04,checkout/pack-permis-complet-boite-automatique-sans-code-lead,10,8,4,3,0,50.0,75.0,0.0,0.0
2026-W04,checkout/pack-5h,3,3,3,3,1,100.0,100.0,33.3,33.3
2026-W04,checkout/conduite-accompagnee-first,14,10,8,4,2,80.0,50.0,20.0,50.0
2026-W04,checkout/pack-permis-complet-boite-automatique-sans-code,0,0,0,0,0,0,0,0,0
2026-W04,checkout/pack-5h-boite-automatique,0,0,0,0,0,0,0,0,0
2026-W04,product/rendez-vous-pedagogiques,6,3,3,3,0,100.0,100.0,0.0,0.0
2026-W04,checkout/pack-10h,1,1,1,1,0,100.0,100.0,0.0,0.0
2026-W04,checkout/pack-permis-complet-boite-automatique-revolut,0,0,0,0,0,0,0,0,0
2026-W04,chatbot_support,0,0,0,0,0,0,0,0,0
2026-W04,product/pack-permis-casa-nord-france,0,0,0,0,0,0,0,0,0
2026-W04,home_widget,2,2,2,2,0,100.0,100.0,0.0,0.0
2026-W04,checkout/pack-10h-boite-automatique,1,1,1,0,0,100.0,0.0,0.0,0
2026-W04,checkout/pack-20h,0,0,0,0,0,0,0,0,0
2026-W04,checkout/conduite-accompagnee-boite-automatique-first,1,1,1,0,0,100.0,0.0,0.0,0
2026-W04,product/pack-permis-boite-automatique-casa-nord-france,0,0,0,0,0,0,0,0,0
2026-W04,product/rendez-vous-pedagogiques-automatique,3,2,2,2,0,100.0,100.0,0.0,0.0
2026-W04,checkout/pack-permis-complet-boite-automatique-sans-code-et-reussite-conduite-plus,0,0,0,0,0,0,0,0,0
2026-W04,checkout/pack-permis-complet-et-reussite-code-plus,0,0,0,0,0,0,0,0,0
2026-W04,checkout/pack-permis-casa-nord-france,0,0,0,0,0,0,0,0,0
2026-W04,checkout/rendez-vous-pedagogiques,1,1,1,1,0,100.0,100.0,0.0,0.0
2026-W04,checkout/pack-permis-complet-boite-automatique-et-reussite-code-plus,2,2,2,1,0,100.0,50.0,0.0,0.0
2026-W04,checkout/pack-permis-boite-automatique-casa-nord-france,0,0,0,0,0,0,0,0,0
2026-W04,checkout/pack-permis-complet-boite-automatique-sans-code-et-reussite-conduite-plus-lead,0,0,0,0,0,0,0,0,0
2026-W04,emailcrm&utm_medium=email&utm_source=crm&utm_campaign=3b74f603-2f61-4df1-9869-4dff5e11d8e9,0,0,0,0,0,0,0,0,0
2026-W04,permis_widget,0,0,0,0,0,0,0,0,0
2026-W05,shop,2782,1707,732,599,442,42.9,81.8,25.9,73.8
2026-W05,unknown,170,136,39,31,56,28.7,79.5,41.2,180.6
2026-W05,product/pack-permis-complet,389,282,106,74,32,37.6,69.8,11.3,43.2
2026-W05,product/pack-permis-complet-sans-code,331,235,94,64,55,40.0,68.1,23.4,85.9
2026-W05,product/pack-permis-complet-sans-code-lead,168,126,40,35,30,31.7,87.5,23.8,85.7
2026-W05,product/pack-permis-complet-revolut,0,0,0,0,0,0,0,0,0
2026-W05,product/pack-permis-complet-boite-automatique,133,97,30,23,17,30.9,76.7,17.5,73.9
2026-W05,emailcrm,70,61,17,11,11,27.9,64.7,18.0,100.0
2026-W05,product/pack-permis-complet-boite-automatique-sans-code,126,92,32,22,19,34.8,68.8,20.7,86.4
2026-W05,product/pack-permis-complet-boite-automatique-sans-code-lead,100,76,34,30,21,44.7,88.2,27.6,70.0
2026-W05,product/pack-5h,84,62,24,19,7,38.7,79.2,11.3,36.8
2026-W05,product/pack-10h,58,47,15,14,4,31.9,93.3,8.5,28.6
2026-W05,product/conduite-accompagnee-first,100,70,22,18,14,31.4,81.8,20.0,77.8
2026-W05,product/pack-20h,0,0,0,0,0,0,0,0,0
2026-W05,product/pack-permis-complet-boite-automatique-revolut,0,0,0,0,0,0,0,0,0
2026-W05,emailcrmheader,0,0,0,0,0,0,0,0,0
2026-W05,product/pack-5h-boite-automatique,39,27,11,9,4,40.7,81.8,14.8,44.4
2026-W05,product/pack-10h-boite-automatique,36,32,10,8,3,31.2,80.0,9.4,37.5
2026-W05,checkout/pack-permis-complet,32,29,15,11,5,51.7,73.3,17.2,45.5
2026-W05,product/conduite-accompagnee-boite-automatique-first,24,23,5,2,0,21.7,40.0,0.0,0.0
2026-W05,checkout/pack-permis-complet-sans-code,29,26,5,4,6,19.2,80.0,23.1,150.0
2026-W05,infocards,0,0,0,0,0,0,0,0,0
2026-W05,checkout/pack-permis-complet-sans-code-lead,10,9,3,0,0,33.3,0.0,0.0,0
2026-W05,checkout/pack-permis-complet-boite-automatique,21,18,4,3,3,22.2,75.0,16.7,100.0
2026-W05,checkout/pack-permis-complet-revolut,0,0,0,0,0,0,0,0,0
2026-W05,checkout/pack-permis-complet-boite-automatique-sans-code-lead,3,3,1,0,0,33.3,0.0,0.0,0
2026-W05,checkout/pack-5h,3,3,0,0,0,0.0,0,0.0,0
2026-W05,checkout/conduite-accompagnee-first,11,9,1,0,2,11.1,0.0,22.2,0
2026-W05,checkout/pack-permis-complet-boite-automatique-sans-code,10,10,2,1,3,20.0,50.0,30.0,300.0
2026-W05,checkout/pack-5h-boite-automatique,5,5,0,0,0,0.0,0,0.0,0
2026-W05,product/rendez-vous-pedagogiques,2,2,2,2,0,100.0,100.0,0.0,0.0
2026-W05,checkout/pack-10h,5,5,2,2,0,40.0,100.0,0.0,0.0
2026-W05,checkout/pack-permis-complet-boite-automatique-revolut,0,0,0,0,0,0,0,0,0
2026-W05,chatbot_support,0,0,0,0,0,0,0,0,0
2026-W05,product/pack-permis-casa-nord-france,0,0,0,0,0,0,0,0,0
2026-W05,home_widget,2,1,0,0,0,0.0,0,0.0,0
2026-W05,checkout/pack-10h-boite-automatique,0,0,0,0,0,0,0,0,0
2026-W05,checkout/pack-20h,0,0,0,0,0,0,0,0,0
2026-W05,checkout/conduite-accompagnee-boite-automatique-first,0,0,0,0,0,0,0,0,0
2026-W05,product/pack-permis-boite-automatique-casa-nord-france,0,0,0,0,0,0,0,0,0
2026-W05,product/rendez-vous-pedagogiques-automatique,0,0,0,0,0,0,0,0,0
2026-W05,checkout/pack-permis-complet-boite-automatique-sans-code-et-reussite-conduite-plus,0,0,0,0,0,0,0,0,0
2026-W05,checkout/pack-permis-complet-et-reussite-code-plus,1,1,0,0,0,0.0,0,0.0,0
2026-W05,checkout/pack-permis-casa-nord-france,0,0,0,0,0,0,0,0,0
2026-W05,checkout/rendez-vous-pedagogiques,0,0,0,0,0,0,0,0,0
2026-W05,checkout/pack-permis-complet-boite-automatique-et-reussite-code-plus,0,0,0,0,0,0,0,0,0
2026-W05,checkout/pack-permis-boite-automatique-casa-nord-france,0,0,0,0,0,0,0,0,0
2026-W05,checkout/pack-permis-complet-boite-automatique-sans-code-et-reussite-conduite-plus-lead,0,0,0,0,0,0,0,0,0
2026-W05,emailcrm&utm_medium=email&utm_source=crm&utm_campaign=3b74f603-2f61-4df1-9869-4dff5e11d8e9,0,0,0,0,0,0,0,0,0
2026-W05,permis_widget,0,0,0,0,0,0,0,0,0
2026-W06,shop,2772,1681,502,364,304,29.9,72.5,18.1,83.5
2026-W06,unknown,147,117,25,14,33,21.4,56.0,28.2,235.7
2026-W06,product/pack-permis-complet,626,420,112,69,57,26.7,61.6,13.6,82.6
2026-W06,product/pack-permis-complet-sans-code,396,239,61,34,52,25.5,55.7,21.8,152.9
2026-W06,product/pack-permis-complet-sans-code-lead,255,181,50,24,25,27.6,48.0,13.8,104.2
2026-W06,product/pack-permis-complet-revolut,0,0,0,0,0,0,0,0,0
2026-W06,product/pack-permis-complet-boite-automatique,243,169,46,31,17,27.2,67.4,10.1,54.8
2026-W06,emailcrm,144,122,32,21,22,26.2,65.6,18.0,104.8
2026-W06,product/pack-permis-complet-boite-automatique-sans-code,190,113,41,25,26,36.3,61.0,23.0,104.0
2026-W06,product/pack-permis-complet-boite-automatique-sans-code-lead,151,100,24,17,25,24.0,70.8,25.0,147.1
2026-W06,product/pack-5h,86,68,19,13,7,27.9,68.4,10.3,53.8
2026-W06,product/pack-10h,90,72,21,13,9,29.2,61.9,12.5,69.2
2026-W06,product/conduite-accompagnee-first,107,77,18,6,9,23.4,33.3,11.7,150.0
2026-W06,product/pack-20h,0,0,0,0,0,0,0,0,0
2026-W06,product/pack-permis-complet-boite-automatique-revolut,0,0,0,0,0,0,0,0,0
2026-W06,emailcrmheader,0,0,0,0,0,0,0,0,0
2026-W06,product/pack-5h-boite-automatique,46,28,11,9,3,39.3,81.8,10.7,33.3
2026-W06,product/pack-10h-boite-automatique,50,32,9,7,3,28.1,77.8,9.4,42.9
2026-W06,checkout/pack-permis-complet,42,39,10,7,13,25.6,70.0,33.3,185.7
2026-W06,product/conduite-accompagnee-boite-automatique-first,53,38,9,6,4,23.7,66.7,10.5,66.7
2026-W06,checkout/pack-permis-complet-sans-code,31,30,7,4,7,23.3,57.1,23.3,175.0
2026-W06,infocards,0,0,0,0,0,0,0,0,0
2026-W06,checkout/pack-permis-complet-sans-code-lead,12,12,0,0,2,0.0,0,16.7,0
2026-W06,checkout/pack-permis-complet-boite-automatique,19,17,5,4,1,29.4,80.0,5.9,25.0
2026-W06,checkout/pack-permis-complet-revolut,0,0,0,0,0,0,0,0,0
2026-W06,checkout/pack-permis-complet-boite-automatique-sans-code-lead,14,12,2,1,3,16.7,50.0,25.0,300.0
2026-W06,checkout/pack-5h,3,2,0,0,1,0.0,0,50.0,0
2026-W06,checkout/conduite-accompagnee-first,15,12,5,4,4,41.7,80.0,33.3,100.0
2026-W06,checkout/pack-permis-complet-boite-automatique-sans-code,12,10,5,3,3,50.0,60.0,30.0,100.0
2026-W06,checkout/pack-5h-boite-automatique,5,5,1,0,1,20.0,0.0,20.0,0
2026-W06,product/rendez-vous-pedagogiques,0,0,0,0,0,0,0,0,0
2026-W06,checkout/pack-10h,5,5,1,1,0,20.0,100.0,0.0,0.0
2026-W06,checkout/pack-permis-complet-boite-automatique-revolut,0,0,0,0,0,0,0,0,0
2026-W06,chatbot_support,0,0,0,0,0,0,0,0,0
2026-W06,product/pack-permis-casa-nord-france,0,0,0,0,0,0,0,0,0
2026-W06,home_widget,6,4,0,0,0,0.0,0,0.0,0
2026-W06,checkout/pack-10h-boite-automatique,2,1,1,0,1,100.0,0.0,100.0,0
2026-W06,checkout/pack-20h,0,0,0,0,0,0,0,0,0
2026-W06,checkout/conduite-accompagnee-boite-automatique-first,5,5,2,2,2,40.0,100.0,40.0,100.0
2026-W06,product/pack-permis-boite-automatique-casa-nord-france,0,0,0,0,0,0,0,0,0
2026-W06,product/rendez-vous-pedagogiques-automatique,1,1,1,1,0,100.0,100.0,0.0,0.0
2026-W06,checkout/pack-permis-complet-boite-automatique-sans-code-et-reussite-conduite-plus,0,0,0,0,0,0,0,0,0
2026-W06,checkout/pack-permis-complet-et-reussite-code-plus,0,0,0,0,0,0,0,0,0
2026-W06,checkout/pack-permis-casa-nord-france,0,0,0,0,0,0,0,0,0
2026-W06,checkout/rendez-vous-pedagogiques,0,0,0,0,0,0,0,0,0
2026-W06,checkout/pack-permis-complet-boite-automatique-et-reussite-code-plus,0,0,0,0,0,0,0,0,0
2026-W06,checkout/pack-permis-boite-automatique-casa-nord-france,0,0,0,0,0,0,0,0,0
2026-W06,checkout/pack-permis-complet-boite-automatique-sans-code-et-reussite-conduite-plus-lead,1,1,1,1,1,100.0,100.0,100.0,100.0
2026-W06,emailcrm&utm_medium=email&utm_source=crm&utm_campaign=3b74f603-2f61-4df1-9869-4dff5e11d8e9,0,0,0,0,0,0,0,0,0
2026-W06,permis_widget,1,1,0,0,0,0.0,0,0.0,0
2026-W07,shop,1931,1226,665,498,234,54.2,74.9,19.1,47.0
2026-W07,unknown,181,147,64,41,38,43.5,64.1,25.9,92.7
2026-W07,product/pack-permis-complet,397,277,148,97,44,53.4,65.5,15.9,45.4
2026-W07,product/pack-permis-complet-sans-code,209,156,89,70,37,57.1,78.7,23.7,52.9
2026-W07,product/pack-permis-complet-sans-code-lead,200,137,76,46,37,55.5,60.5,27.0,80.4
2026-W07,product/pack-permis-complet-revolut,0,0,0,0,0,0,0,0,0
2026-W07,product/pack-permis-complet-boite-automatique,149,114,50,32,8,43.9,64.0,7.0,25.0
2026-W07,emailcrm,194,160,74,52,33,46.2,70.3,20.6,63.5
2026-W07,product/pack-permis-complet-boite-automatique-sans-code,117,77,48,38,27,62.3,79.2,35.1,71.1
2026-W07,product/pack-permis-complet-boite-automatique-sans-code-lead,91,62,32,28,20,51.6,87.5,32.3,71.4
2026-W07,product/pack-5h,65,49,27,16,5,55.1,59.3,10.2,31.2
2026-W07,product/pack-10h,73,51,28,21,11,54.9,75.0,21.6,52.4
2026-W07,product/conduite-accompagnee-first,55,38,27,20,9,71.1,74.1,23.7,45.0
2026-W07,product/pack-20h,23,14,11,8,1,78.6,72.7,7.1,12.5
2026-W07,product/pack-permis-complet-boite-automatique-revolut,0,0,0,0,0,0,0,0,0
2026-W07,emailcrmheader,0,0,0,0,0,0,0,0,0
2026-W07,product/pack-5h-boite-automatique,31,21,11,5,6,52.4,45.5,28.6,120.0
2026-W07,product/pack-10h-boite-automatique,29,25,15,10,3,60.0,66.7,12.0,30.0
2026-W07,checkout/pack-permis-complet,40,34,13,10,2,38.2,76.9,5.9,20.0
2026-W07,product/conduite-accompagnee-boite-automatique-first,18,16,8,5,3,50.0,62.5,18.8,60.0
2026-W07,checkout/pack-permis-complet-sans-code,13,12,5,3,2,41.7,60.0,16.7,66.7
2026-W07,infocards,0,0,0,0,0,0,0,0,0
2026-W07,checkout/pack-permis-complet-sans-code-lead,14,12,7,6,4,58.3,85.7,33.3,66.7
2026-W07,checkout/pack-permis-complet-boite-automatique,7,7,3,2,0,42.9,66.7,0.0,0.0
2026-W07,checkout/pack-permis-complet-revolut,0,0,0,0,0,0,0,0,0
2026-W07,checkout/pack-permis-complet-boite-automatique-sans-code-lead,7,7,5,4,2,71.4,80.0,28.6,50.0
2026-W07,checkout/pack-5h,4,4,3,1,1,75.0,33.3,25.0,100.0
2026-W07,checkout/conduite-accompagnee-first,14,12,7,3,1,58.3,42.9,8.3,33.3
2026-W07,checkout/pack-permis-complet-boite-automatique-sans-code,7,7,1,0,0,14.3,0.0,0.0,0
2026-W07,checkout/pack-5h-boite-automatique,2,2,1,1,0,50.0,100.0,0.0,0.0
2026-W07,product/rendez-vous-pedagogiques,5,3,1,1,0,33.3,100.0,0.0,0.0
2026-W07,checkout/pack-10h,3,3,2,2,1,66.7,100.0,33.3,50.0
2026-W07,checkout/pack-permis-complet-boite-automatique-revolut,0,0,0,0,0,0,0,0,0
2026-W07,chatbot_support,0,0,0,0,0,0,0,0,0
2026-W07,product/pack-permis-casa-nord-france,0,0,0,0,0,0,0,0,0
2026-W07,home_widget,5,4,3,3,2,75.0,100.0,50.0,66.7
2026-W07,checkout/pack-10h-boite-automatique,1,1,1,1,0,100.0,100.0,0.0,0.0
2026-W07,checkout/pack-20h,0,0,0,0,0,0,0,0,0
2026-W07,checkout/conduite-accompagnee-boite-automatique-first,1,1,1,1,0,100.0,100.0,0.0,0.0
2026-W07,product/pack-permis-boite-automatique-casa-nord-france,0,0,0,0,0,0,0,0,0
2026-W07,product/rendez-vous-pedagogiques-automatique,0,0,0,0,0,0,0,0,0
2026-W07,checkout/pack-permis-complet-boite-automatique-sans-code-et-reussite-conduite-plus,5,1,1,1,0,100.0,100.0,0.0,0.0
2026-W07,checkout/pack-permis-complet-et-reussite-code-plus,0,0,0,0,0,0,0,0,0
2026-W07,checkout/pack-permis-casa-nord-france,0,0,0,0,0,0,0,0,0
2026-W07,checkout/rendez-vous-pedagogiques,0,0,0,0,0,0,0,0,0
2026-W07,checkout/pack-permis-complet-boite-automatique-et-reussite-code-plus,0,0,0,0,0,0,0,0,0
2026-W07,checkout/pack-permis-boite-automatique-casa-nord-france,0,0,0,0,0,0,0,0,0
2026-W07,checkout/pack-permis-complet-boite-automatique-sans-code-et-reussite-conduite-plus-lead,0,0,0,0,0,0,0,0,0
2026-W07,emailcrm&utm_medium=email&utm_source=crm&utm_campaign=3b74f603-2f61-4df1-9869-4dff5e11d8e9,1,1,1,1,1,100.0,100.0,100.0,100.0
2026-W07,permis_widget,0,0,0,0,0,0,0,0,0
2026-W08,shop,1367,939,768,622,225,81.8,81.0,24.0,36.2
2026-W08,unknown,120,103,72,55,26,69.9,76.4,25.2,47.3
2026-W08,product/pack-permis-complet,167,126,99,71,24,78.6,71.7,19.0,33.8
2026-W08,product/pack-permis-complet-sans-code,133,97,76,66,34,78.4,86.8,35.1,51.5
2026-W08,product/pack-permis-complet-sans-code-lead,115,101,78,60,25,77.2,76.9,24.8,41.7
2026-W08,product/pack-permis-complet-revolut,126,101,71,50,16,70.3,70.4,15.8,32.0
2026-W08,product/pack-permis-complet-boite-automatique,57,49,40,23,10,81.6,57.5,20.4,43.5
2026-W08,emailcrm,76,58,38,31,13,65.5,81.6,22.4,41.9
2026-W08,product/pack-permis-complet-boite-automatique-sans-code,66,42,33,25,9,78.6,75.8,21.4,36.0
2026-W08,product/pack-permis-complet-boite-automatique-sans-code-lead,41,33,22,15,5,66.7,68.2,15.2,33.3
2026-W08,product/pack-5h,68,54,43,30,9,79.6,69.8,16.7,30.0
2026-W08,product/pack-10h,79,54,47,30,9,87.0,63.8,16.7,30.0
2026-W08,product/conduite-accompagnee-first,11,8,7,3,1,87.5,42.9,12.5,33.3
2026-W08,product/pack-20h,44,28,28,25,0,100.0,89.3,0.0,0.0
2026-W08,product/pack-permis-complet-boite-automatique-revolut,33,27,20,12,4,74.1,60.0,14.8,33.3
2026-W08,emailcrmheader,0,0,0,0,0,0,0,0,0
2026-W08,product/pack-5h-boite-automatique,24,18,14,12,1,77.8,85.7,5.6,8.3
2026-W08,product/pack-10h-boite-automatique,30,22,15,9,6,68.2,60.0,27.3,66.7
2026-W08,checkout/pack-permis-complet,9,9,6,3,3,66.7,50.0,33.3,100.0
2026-W08,product/conduite-accompagnee-boite-automatique-first,2,2,2,1,1,100.0,50.0,50.0,100.0
2026-W08,checkout/pack-permis-complet-sans-code,11,11,6,5,2,54.5,83.3,18.2,40.0
2026-W08,infocards,0,0,0,0,0,0,0,0,0
2026-W08,checkout/pack-permis-complet-sans-code-lead,10,9,8,5,5,88.9,62.5,55.6,100.0
2026-W08,checkout/pack-permis-complet-boite-automatique,4,4,4,2,0,100.0,50.0,0.0,0.0
2026-W08,checkout/pack-permis-complet-revolut,4,4,4,4,1,100.0,100.0,25.0,25.0
2026-W08,checkout/pack-permis-complet-boite-automatique-sans-code-lead,1,1,1,1,1,100.0,100.0,100.0,100.0
2026-W08,checkout/pack-5h,6,6,5,4,2,83.3,80.0,33.3,50.0
2026-W08,checkout/conduite-accompagnee-first,4,4,2,2,1,50.0,100.0,25.0,50.0
2026-W08,checkout/pack-permis-complet-boite-automatique-sans-code,2,2,1,1,1,50.0,100.0,50.0,100.0
2026-W08,checkout/pack-5h-boite-automatique,2,2,0,0,0,0.0,0,0.0,0
2026-W08,product/rendez-vous-pedagogiques,8,3,3,3,0,100.0,100.0,0.0,0.0
2026-W08,checkout/pack-10h,5,5,4,3,1,80.0,75.0,20.0,33.3
2026-W08,checkout/pack-permis-complet-boite-automatique-revolut,3,3,3,3,1,100.0,100.0,33.3,33.3
2026-W08,chatbot_support,0,0,0,0,0,0,0,0,0
2026-W08,product/pack-permis-casa-nord-france,0,0,0,0,0,0,0,0,0
2026-W08,home_widget,2,2,1,1,0,50.0,100.0,0.0,0.0
2026-W08,checkout/pack-10h-boite-automatique,2,2,1,0,0,50.0,0.0,0.0,0
2026-W08,checkout/pack-20h,1,1,0,0,0,0.0,0,0.0,0
2026-W08,checkout/conduite-accompagnee-boite-automatique-first,1,1,1,1,0,100.0,100.0,0.0,0.0
2026-W08,product/pack-permis-boite-automatique-casa-nord-france,0,0,0,0,0,0,0,0,0
2026-W08,product/rendez-vous-pedagogiques-automatique,0,0,0,0,0,0,0,0,0
2026-W08,checkout/pack-permis-complet-boite-automatique-sans-code-et-reussite-conduite-plus,1,1,1,1,0,100.0,100.0,0.0,0.0
2026-W08,checkout/pack-permis-complet-et-reussite-code-plus,0,0,0,0,0,0,0,0,0
2026-W08,checkout/pack-permis-casa-nord-france,0,0,0,0,0,0,0,0,0
2026-W08,checkout/rendez-vous-pedagogiques,0,0,0,0,0,0,0,0,0
2026-W08,checkout/pack-permis-complet-boite-automatique-et-reussite-code-plus,0,0,0,0,0,0,0,0,0
2026-W08,checkout/pack-permis-boite-automatique-casa-nord-france,0,0,0,0,0,0,0,0,0
2026-W08,checkout/pack-permis-complet-boite-automatique-sans-code-et-reussite-conduite-plus-lead,0,0,0,0,0,0,0,0,0
2026-W08,emailcrm&utm_medium=email&utm_source=crm&utm_campaign=3b74f603-2f61-4df1-9869-4dff5e11d8e9,0,0,0,0,0,0,0,0,0
2026-W08,permis_widget,0,0,0,0,0,0,0,0,0
2026-W09,shop,847,638,620,533,154,97.2,86.0,24.1,28.9
2026-W09,unknown,78,70,67,51,14,95.7,76.1,20.0,27.5
2026-W09,product/pack-permis-complet,142,116,108,81,25,93.1,75.0,21.6,30.9
2026-W09,product/pack-permis-complet-sans-code,137,117,115,89,41,98.3,77.4,35.0,46.1
2026-W09,product/pack-permis-complet-sans-code-lead,114,99,93,77,34,93.9,82.8,34.3,44.2
2026-W09,product/pack-permis-complet-revolut,155,119,115,92,32,96.6,80.0,26.9,34.8
2026-W09,product/pack-permis-complet-boite-automatique,46,38,35,28,9,92.1,80.0,23.7,32.1
2026-W09,emailcrm,53,45,41,36,10,91.1,87.8,22.2,27.8
2026-W09,product/pack-permis-complet-boite-automatique-sans-code,71,55,53,42,23,96.4,79.2,41.8,54.8
2026-W09,product/pack-permis-complet-boite-automatique-sans-code-lead,56,50,48,42,19,96.0,87.5,38.0,45.2
2026-W09,product/pack-5h,56,52,48,36,6,92.3,75.0,11.5,16.7
2026-W09,product/pack-10h,53,46,46,40,12,100.0,87.0,26.1,30.0
2026-W09,product/conduite-accompagnee-first,8,6,6,6,3,100.0,100.0,50.0,50.0
2026-W09,product/pack-20h,37,28,26,23,0,92.9,88.5,0.0,0.0
2026-W09,product/pack-permis-complet-boite-automatique-revolut,55,36,31,27,9,86.1,87.1,25.0,33.3
2026-W09,emailcrmheader,0,0,0,0,0,0,0,0,0
2026-W09,product/pack-5h-boite-automatique,27,24,22,20,8,91.7,90.9,33.3,40.0
2026-W09,product/pack-10h-boite-automatique,25,17,15,14,5,88.2,93.3,29.4,35.7
2026-W09,checkout/pack-permis-complet,10,10,10,7,2,100.0,70.0,20.0,28.6
2026-W09,product/conduite-accompagnee-boite-automatique-first,6,6,5,5,2,83.3,100.0,33.3,40.0
2026-W09,checkout/pack-permis-complet-sans-code,2,2,2,1,1,100.0,50.0,50.0,100.0
2026-W09,infocards,0,0,0,0,0,0,0,0,0
2026-W09,checkout/pack-permis-complet-sans-code-lead,8,8,8,8,2,100.0,100.0,25.0,25.0
2026-W09,checkout/pack-permis-complet-boite-automatique,1,1,1,1,0,100.0,100.0,0.0,0.0
2026-W09,checkout/pack-permis-complet-revolut,4,3,2,2,1,66.7,100.0,33.3,50.0
2026-W09,checkout/pack-permis-complet-boite-automatique-sans-code-lead,6,4,4,3,2,100.0,75.0,50.0,66.7
2026-W09,checkout/pack-5h,6,5,5,4,2,100.0,80.0,40.0,50.0
2026-W09,checkout/conduite-accompagnee-first,0,0,0,0,0,0,0,0,0
2026-W09,checkout/pack-permis-complet-boite-automatique-sans-code,2,2,2,1,0,100.0,50.0,0.0,0.0
2026-W09,checkout/pack-5h-boite-automatique,1,1,1,0,0,100.0,0.0,0.0,0
2026-W09,product/rendez-vous-pedagogiques,2,2,2,1,0,100.0,50.0,0.0,0.0
2026-W09,checkout/pack-10h,0,0,0,0,0,0,0,0,0
2026-W09,checkout/pack-permis-complet-boite-automatique-revolut,2,2,2,1,0,100.0,50.0,0.0,0.0
2026-W09,chatbot_support,0,0,0,0,0,0,0,0,0
2026-W09,product/pack-permis-casa-nord-france,0,0,0,0,0,0,0,0,0
2026-W09,home_widget,2,1,1,0,0,100.0,0.0,0.0,0
2026-W09,checkout/pack-10h-boite-automatique,2,2,2,2,1,100.0,100.0,50.0,50.0
2026-W09,checkout/pack-20h,2,2,2,1,0,100.0,50.0,0.0,0.0
2026-W09,checkout/conduite-accompagnee-boite-automatique-first,0,0,0,0,0,0,0,0,0
2026-W09,product/pack-permis-boite-automatique-casa-nord-france,0,0,0,0,0,0,0,0,0
2026-W09,product/rendez-vous-pedagogiques-automatique,0,0,0,0,0,0,0,0,0
2026-W09,checkout/pack-permis-complet-boite-automatique-sans-code-et-reussite-conduite-plus,0,0,0,0,0,0,0,0,0
2026-W09,checkout/pack-permis-complet-et-reussite-code-plus,0,0,0,0,0,0,0,0,0
2026-W09,checkout/pack-permis-casa-nord-france,0,0,0,0,0,0,0,0,0
2026-W09,checkout/rendez-vous-pedagogiques,0,0,0,0,0,0,0,0,0
2026-W09,checkout/pack-permis-complet-boite-automatique-et-reussite-code-plus,0,0,0,0,0,0,0,0,0
2026-W09,checkout/pack-permis-boite-automatique-casa-nord-france,0,0,0,0,0,0,0,0,0
2026-W09,checkout/pack-permis-complet-boite-automatique-sans-code-et-reussite-conduite-plus-lead,0,0,0,0,0,0,0,0,0
2026-W09,emailcrm&utm_medium=email&utm_source=crm&utm_campaign=3b74f603-2f61-4df1-9869-4dff5e11d8e9,0,0,0,0,0,0,0,0,0
2026-W09,permis_widget,0,0,0,0,0,0,0,0,0
2026-W10,shop,946,715,668,574,174,93.4,85.9,24.3,30.3
2026-W10,unknown,284,258,232,153,47,89.9,65.9,18.2,30.7
2026-W10,product/pack-permis-complet,231,193,179,149,66,92.7,83.2,34.2,44.3
2026-W10,product/pack-permis-complet-sans-code,186,154,145,113,57,94.2,77.9,37.0,50.4
2026-W10,product/pack-permis-complet-sans-code-lead,212,179,163,132,57,91.1,81.0,31.8,43.2
2026-W10,product/pack-permis-complet-revolut,124,109,98,73,31,89.9,74.5,28.4,42.5
2026-W10,product/pack-permis-complet-boite-automatique,98,79,75,64,17,94.9,85.3,21.5,26.6
2026-W10,emailcrm,55,47,41,37,15,87.2,90.2,31.9,40.5
2026-W10,product/pack-permis-complet-boite-automatique-sans-code,85,70,65,53,28,92.9,81.5,40.0,52.8
2026-W10,product/pack-permis-complet-boite-automatique-sans-code-lead,83,66,64,54,27,97.0,84.4,40.9,50.0
2026-W10,product/pack-5h,87,68,61,50,10,89.7,82.0,14.7,20.0
2026-W10,product/pack-10h,55,49,46,33,12,93.9,71.7,24.5,36.4
2026-W10,product/conduite-accompagnee-first,3,3,3,0,0,100.0,0.0,0.0,0
2026-W10,product/pack-20h,54,32,32,27,0,100.0,84.4,0.0,0.0
2026-W10,product/pack-permis-complet-boite-automatique-revolut,36,31,26,21,10,83.9,80.8,32.3,47.6
2026-W10,emailcrmheader,0,0,0,0,0,0,0,0,0
2026-W10,product/pack-5h-boite-automatique,28,23,20,12,7,87.0,60.0,30.4,58.3
2026-W10,product/pack-10h-boite-automatique,30,25,24,19,5,96.0,79.2,20.0,26.3
2026-W10,checkout/pack-permis-complet,15,13,10,9,2,76.9,90.0,15.4,22.2
2026-W10,product/conduite-accompagnee-boite-automatique-first,1,1,1,1,0,100.0,100.0,0.0,0.0
2026-W10,checkout/pack-permis-complet-sans-code,12,12,12,10,5,100.0,83.3,41.7,50.0
2026-W10,infocards,168,152,145,112,44,95.4,77.2,28.9,39.3
2026-W10,checkout/pack-permis-complet-sans-code-lead,8,8,7,6,3,87.5,85.7,37.5,50.0
2026-W10,checkout/pack-permis-complet-boite-automatique,7,6,6,6,1,100.0,100.0,16.7,16.7
2026-W10,checkout/pack-permis-complet-revolut,8,8,8,7,1,100.0,87.5,12.5,14.3
2026-W10,checkout/pack-permis-complet-boite-automatique-sans-code-lead,5,4,4,1,1,100.0,25.0,25.0,100.0
2026-W10,checkout/pack-5h,3,3,2,2,1,66.7,100.0,33.3,50.0
2026-W10,checkout/conduite-accompagnee-first,0,0,0,0,0,0,0,0,0
2026-W10,checkout/pack-permis-complet-boite-automatique-sans-code,4,4,4,3,0,100.0,75.0,0.0,0.0
2026-W10,checkout/pack-5h-boite-automatique,0,0,0,0,0,0,0,0,0
2026-W10,product/rendez-vous-pedagogiques,4,4,4,4,0,100.0,100.0,0.0,0.0
2026-W10,checkout/pack-10h,1,1,1,1,1,100.0,100.0,100.0,100.0
2026-W10,checkout/pack-permis-complet-boite-automatique-revolut,6,6,5,3,0,83.3,60.0,0.0,0.0
2026-W10,chatbot_support,1,1,1,1,0,100.0,100.0,0.0,0.0
2026-W10,product/pack-permis-casa-nord-france,0,0,0,0,0,0,0,0,0
2026-W10,home_widget,1,1,1,1,1,100.0,100.0,100.0,100.0
2026-W10,checkout/pack-10h-boite-automatique,2,2,2,1,0,100.0,50.0,0.0,0.0
2026-W10,checkout/pack-20h,1,1,0,0,0,0.0,0,0.0,0
2026-W10,checkout/conduite-accompagnee-boite-automatique-first,0,0,0,0,0,0,0,0,0
2026-W10,product/pack-permis-boite-automatique-casa-nord-france,0,0,0,0,0,0,0,0,0
2026-W10,product/rendez-vous-pedagogiques-automatique,3,2,2,2,0,100.0,100.0,0.0,0.0
2026-W10,checkout/pack-permis-complet-boite-automatique-sans-code-et-reussite-conduite-plus,0,0,0,0,0,0,0,0,0
2026-W10,checkout/pack-permis-complet-et-reussite-code-plus,0,0,0,0,0,0,0,0,0
2026-W10,checkout/pack-permis-casa-nord-france,0,0,0,0,0,0,0,0,0
2026-W10,checkout/rendez-vous-pedagogiques,0,0,0,0,0,0,0,0,0
2026-W10,checkout/pack-permis-complet-boite-automatique-et-reussite-code-plus,0,0,0,0,0,0,0,0,0
2026-W10,checkout/pack-permis-boite-automatique-casa-nord-france,0,0,0,0,0,0,0,0,0
2026-W10,checkout/pack-permis-complet-boite-automatique-sans-code-et-reussite-conduite-plus-lead,0,0,0,0,0,0,0,0,0
2026-W10,emailcrm&utm_medium=email&utm_source=crm&utm_campaign=3b74f603-2f61-4df1-9869-4dff5e11d8e9,0,0,0,0,0,0,0,0,0
2026-W10,permis_widget,0,0,0,0,0,0,0,0,0
2026-W11,shop,975,731,681,574,169,93.2,84.3,23.1,29.4
2026-W11,unknown,236,211,183,110,34,86.7,60.1,16.1,30.9
2026-W11,product/pack-permis-complet,215,176,158,130,39,89.8,82.3,22.2,30.0
2026-W11,product/pack-permis-complet-sans-code,173,142,125,96,43,88.0,76.8,30.3,44.8
2026-W11,product/pack-permis-complet-sans-code-lead,202,162,153,124,54,94.4,81.0,33.3,43.5
2026-W11,product/pack-permis-complet-revolut,113,92,78,54,17,84.8,69.2,18.5,31.5
2026-W11,product/pack-permis-complet-boite-automatique,92,75,71,58,19,94.7,81.7,25.3,32.8
2026-W11,emailcrm,71,60,52,44,6,86.7,84.6,10.0,13.6
2026-W11,product/pack-permis-complet-boite-automatique-sans-code,80,64,62,53,27,96.9,85.5,42.2,50.9
2026-W11,product/pack-permis-complet-boite-automatique-sans-code-lead,69,61,57,45,23,93.4,78.9,37.7,51.1
2026-W11,product/pack-5h,61,55,48,41,14,87.3,85.4,25.5,34.1
2026-W11,product/pack-10h,57,44,41,31,7,93.2,75.6,15.9,22.6
2026-W11,product/conduite-accompagnee-first,2,2,2,1,0,100.0,50.0,0.0,0.0
2026-W11,product/pack-20h,77,45,45,41,0,100.0,91.1,0.0,0.0
2026-W11,product/pack-permis-complet-boite-automatique-revolut,48,35,31,26,13,88.6,83.9,37.1,50.0
2026-W11,emailcrmheader,0,0,0,0,0,0,0,0,0
2026-W11,product/pack-5h-boite-automatique,32,26,22,20,6,84.6,90.9,23.1,30.0
2026-W11,product/pack-10h-boite-automatique,16,14,13,12,5,92.9,92.3,35.7,41.7
2026-W11,checkout/pack-permis-complet,13,11,8,4,2,72.7,50.0,18.2,50.0
2026-W11,product/conduite-accompagnee-boite-automatique-first,1,1,1,1,0,100.0,100.0,0.0,0.0
2026-W11,checkout/pack-permis-complet-sans-code,9,9,6,6,2,66.7,100.0,22.2,33.3
2026-W11,infocards,120,107,93,69,28,86.9,74.2,26.2,40.6
2026-W11,checkout/pack-permis-complet-sans-code-lead,6,6,6,6,3,100.0,100.0,50.0,50.0
2026-W11,checkout/pack-permis-complet-boite-automatique,7,7,7,7,1,100.0,100.0,14.3,14.3
2026-W11,checkout/pack-permis-complet-revolut,8,8,6,6,2,75.0,100.0,25.0,33.3
2026-W11,checkout/pack-permis-complet-boite-automatique-sans-code-lead,6,6,6,5,3,100.0,83.3,50.0,60.0
2026-W11,checkout/pack-5h,6,6,5,2,0,83.3,40.0,0.0,0.0
2026-W11,checkout/conduite-accompagnee-first,0,0,0,0,0,0,0,0,0
2026-W11,checkout/pack-permis-complet-boite-automatique-sans-code,6,6,6,6,5,100.0,100.0,83.3,83.3
2026-W11,checkout/pack-5h-boite-automatique,4,4,4,2,1,100.0,50.0,25.0,50.0
2026-W11,product/rendez-vous-pedagogiques,12,6,6,6,0,100.0,100.0,0.0,0.0
2026-W11,checkout/pack-10h,2,2,2,2,0,100.0,100.0,0.0,0.0
2026-W11,checkout/pack-permis-complet-boite-automatique-revolut,6,6,6,4,1,100.0,66.7,16.7,25.0
2026-W11,chatbot_support,0,0,0,0,0,0,0,0,0
2026-W11,product/pack-permis-casa-nord-france,0,0,0,0,0,0,0,0,0
2026-W11,home_widget,0,0,0,0,0,0,0,0,0
2026-W11,checkout/pack-10h-boite-automatique,1,1,1,0,0,100.0,0.0,0.0,0
2026-W11,checkout/pack-20h,1,1,1,0,0,100.0,0.0,0.0,0
2026-W11,checkout/conduite-accompagnee-boite-automatique-first,0,0,0,0,0,0,0,0,0
2026-W11,product/pack-permis-boite-automatique-casa-nord-france,0,0,0,0,0,0,0,0,0
2026-W11,product/rendez-vous-pedagogiques-automatique,0,0,0,0,0,0,0,0,0
2026-W11,checkout/pack-permis-complet-boite-automatique-sans-code-et-reussite-conduite-plus,0,0,0,0,0,0,0,0,0
2026-W11,checkout/pack-permis-complet-et-reussite-code-plus,0,0,0,0,0,0,0,0,0
2026-W11,checkout/pack-permis-casa-nord-france,0,0,0,0,0,0,0,0,0
2026-W11,checkout/rendez-vous-pedagogiques,0,0,0,0,0,0,0,0,0
2026-W11,checkout/pack-permis-complet-boite-automatique-et-reussite-code-plus,0,0,0,0,0,0,0,0,0
2026-W11,checkout/pack-permis-boite-automatique-casa-nord-france,0,0,0,0,0,0,0,0,0
2026-W11,checkout/pack-permis-complet-boite-automatique-sans-code-et-reussite-conduite-plus-lead,0,0,0,0,0,0,0,0,0
2026-W11,emailcrm&utm_medium=email&utm_source=crm&utm_campaign=3b74f603-2f61-4df1-9869-4dff5e11d8e9,0,0,0,0,0,0,0,0,0
2026-W11,permis_widget,0,0,0,0,0,0,0,0,0
2026-W12,shop,627,474,458,382,109,96.6,83.4,23.0,28.5
2026-W12,unknown,407,311,301,236,71,96.8,78.4,22.8,30.1
2026-W12,product/pack-permis-complet,147,113,109,85,27,96.5,78.0,23.9,31.8
2026-W12,product/pack-permis-complet-sans-code,98,73,71,61,21,97.3,85.9,28.8,34.4
2026-W12,product/pack-permis-complet-sans-code-lead,91,79,75,61,30,94.9,81.3,38.0,49.2
2026-W12,product/pack-permis-complet-revolut,85,70,67,50,13,95.7,74.6,18.6,26.0
2026-W12,product/pack-permis-complet-boite-automatique,32,29,28,20,5,96.6,71.4,17.2,25.0
2026-W12,emailcrm,48,40,37,28,11,92.5,75.7,27.5,39.3
2026-W12,product/pack-permis-complet-boite-automatique-sans-code,63,51,50,39,9,98.0,78.0,17.6,23.1
2026-W12,product/pack-permis-complet-boite-automatique-sans-code-lead,41,34,32,25,10,94.1,78.1,29.4,40.0
2026-W12,product/pack-5h,57,50,49,41,7,98.0,83.7,14.0,17.1
2026-W12,product/pack-10h,31,29,28,23,7,96.6,82.1,24.1,30.4
2026-W12,product/conduite-accompagnee-first,0,0,0,0,0,0,0,0,0
2026-W12,product/pack-20h,36,30,30,24,0,100.0,80.0,0.0,0.0
2026-W12,product/pack-permis-complet-boite-automatique-revolut,27,23,23,19,4,100.0,82.6,17.4,21.1
2026-W12,emailcrmheader,2,2,2,1,0,100.0,50.0,0.0,0.0
2026-W12,product/pack-5h-boite-automatique,16,15,13,12,3,86.7,92.3,20.0,25.0
2026-W12,product/pack-10h-boite-automatique,15,15,14,13,4,93.3,92.9,26.7,30.8
2026-W12,checkout/pack-permis-complet,9,9,9,6,4,100.0,66.7,44.4,66.7
2026-W12,product/conduite-accompagnee-boite-automatique-first,0,0,0,0,0,0,0,0,0
2026-W12,checkout/pack-permis-complet-sans-code,12,9,9,9,4,100.0,100.0,44.4,44.4
2026-W12,infocards,3,3,3,2,1,100.0,66.7,33.3,50.0
2026-W12,checkout/pack-permis-complet-sans-code-lead,6,6,6,5,1,100.0,83.3,16.7,20.0
2026-W12,checkout/pack-permis-complet-boite-automatique,1,1,1,1,1,100.0,100.0,100.0,100.0
2026-W12,checkout/pack-permis-complet-revolut,14,12,12,8,0,100.0,66.7,0.0,0.0
2026-W12,checkout/pack-permis-complet-boite-automatique-sans-code-lead,3,3,3,3,1,100.0,100.0,33.3,33.3
2026-W12,checkout/pack-5h,9,8,7,5,1,87.5,71.4,12.5,20.0
2026-W12,checkout/conduite-accompagnee-first,0,0,0,0,0,0,0,0,0
2026-W12,checkout/pack-permis-complet-boite-automatique-sans-code,3,3,3,3,2,100.0,100.0,66.7,66.7
2026-W12,checkout/pack-5h-boite-automatique,2,2,2,1,0,100.0,50.0,0.0,0.0
2026-W12,product/rendez-vous-pedagogiques,2,1,1,1,0,100.0,100.0,0.0,0.0
2026-W12,checkout/pack-10h,0,0,0,0,0,0,0,0,0
2026-W12,checkout/pack-permis-complet-boite-automatique-revolut,1,1,1,1,0,100.0,100.0,0.0,0.0
2026-W12,chatbot_support,0,0,0,0,0,0,0,0,0
2026-W12,product/pack-permis-casa-nord-france,8,4,4,4,2,100.0,100.0,50.0,50.0
2026-W12,home_widget,5,2,2,1,0,100.0,50.0,0.0,0.0
2026-W12,checkout/pack-10h-boite-automatique,1,1,1,1,0,100.0,100.0,0.0,0.0
2026-W12,checkout/pack-20h,1,1,1,1,0,100.0,100.0,0.0,0.0
2026-W12,checkout/conduite-accompagnee-boite-automatique-first,0,0,0,0,0,0,0,0,0
2026-W12,product/pack-permis-boite-automatique-casa-nord-france,1,1,1,1,0,100.0,100.0,0.0,0.0
2026-W12,product/rendez-vous-pedagogiques-automatique,0,0,0,0,0,0,0,0,0
2026-W12,checkout/pack-permis-complet-boite-automatique-sans-code-et-reussite-conduite-plus,0,0,0,0,0,0,0,0,0
2026-W12,checkout/pack-permis-complet-et-reussite-code-plus,0,0,0,0,0,0,0,0,0
2026-W12,checkout/pack-permis-casa-nord-france,0,0,0,0,0,0,0,0,0
2026-W12,checkout/rendez-vous-pedagogiques,0,0,0,0,0,0,0,0,0
2026-W12,checkout/pack-permis-complet-boite-automatique-et-reussite-code-plus,0,0,0,0,0,0,0,0,0
2026-W12,checkout/pack-permis-boite-automatique-casa-nord-france,0,0,0,0,0,0,0,0,0
2026-W12,checkout/pack-permis-complet-boite-automatique-sans-code-et-reussite-conduite-plus-lead,0,0,0,0,0,0,0,0,0
2026-W12,emailcrm&utm_medium=email&utm_source=crm&utm_campaign=3b74f603-2f61-4df1-9869-4dff5e11d8e9,0,0,0,0,0,0,0,0,0
2026-W12,permis_widget,0,0,0,0,0,0,0,0,0
2026-W13,shop,793,604,566,486,158,93.7,85.9,26.2,32.5
2026-W13,unknown,580,502,458,285,72,91.2,62.2,14.3,25.3
2026-W13,product/pack-permis-complet,178,151,139,108,37,92.1,77.7,24.5,34.3
2026-W13,product/pack-permis-complet-sans-code,143,117,104,80,34,88.9,76.9,29.1,42.5
2026-W13,product/pack-permis-complet-sans-code-lead,161,132,123,93,34,93.2,75.6,25.8,36.6
2026-W13,product/pack-permis-complet-revolut,100,78,71,55,15,91.0,77.5,19.2,27.3
2026-W13,product/pack-permis-complet-boite-automatique,64,56,50,40,12,89.3,80.0,21.4,30.0
2026-W13,emailcrm,65,55,46,40,11,83.6,87.0,20.0,27.5
2026-W13,product/pack-permis-complet-boite-automatique-sans-code,51,41,39,35,18,95.1,89.7,43.9,51.4
2026-W13,product/pack-permis-complet-boite-automatique-sans-code-lead,60,53,45,37,25,84.9,82.2,47.2,67.6
2026-W13,product/pack-5h,72,62,58,46,6,93.5,79.3,9.7,13.0
2026-W13,product/pack-10h,57,43,38,34,10,88.4,89.5,23.3,29.4
2026-W13,product/conduite-accompagnee-first,0,0,0,0,0,0,0,0,0
2026-W13,product/pack-20h,56,27,26,21,1,96.3,80.8,3.7,4.8
2026-W13,product/pack-permis-complet-boite-automatique-revolut,42,34,30,23,9,88.2,76.7,26.5,39.1
2026-W13,emailcrmheader,62,56,48,43,7,85.7,89.6,12.5,16.3
2026-W13,product/pack-5h-boite-automatique,19,17,16,11,1,94.1,68.8,5.9,9.1
2026-W13,product/pack-10h-boite-automatique,20,19,18,14,2,94.7,77.8,10.5,14.3
2026-W13,checkout/pack-permis-complet,11,10,9,9,6,90.0,100.0,60.0,66.7
2026-W13,product/conduite-accompagnee-boite-automatique-first,0,0,0,0,0,0,0,0,0
2026-W13,checkout/pack-permis-complet-sans-code,11,11,10,8,2,90.9,80.0,18.2,25.0
2026-W13,infocards,0,0,0,0,0,0,0,0,0
2026-W13,checkout/pack-permis-complet-sans-code-lead,17,17,14,11,7,82.4,78.6,41.2,63.6
2026-W13,checkout/pack-permis-complet-boite-automatique,15,15,12,10,2,80.0,83.3,13.3,20.0
2026-W13,checkout/pack-permis-complet-revolut,11,9,8,3,1,88.9,37.5,11.1,33.3
2026-W13,checkout/pack-permis-complet-boite-automatique-sans-code-lead,8,7,6,5,3,85.7,83.3,42.9,60.0
2026-W13,checkout/pack-5h,6,6,6,5,1,100.0,83.3,16.7,20.0
2026-W13,checkout/conduite-accompagnee-first,0,0,0,0,0,0,0,0,0
2026-W13,checkout/pack-permis-complet-boite-automatique-sans-code,2,2,2,1,0,100.0,50.0,0.0,0.0
2026-W13,checkout/pack-5h-boite-automatique,4,4,4,4,1,100.0,100.0,25.0,25.0
2026-W13,product/rendez-vous-pedagogiques,3,2,1,1,0,50.0,100.0,0.0,0.0
2026-W13,checkout/pack-10h,5,4,1,1,0,25.0,100.0,0.0,0.0
2026-W13,checkout/pack-permis-complet-boite-automatique-revolut,3,3,2,0,0,66.7,0.0,0.0,0
2026-W13,chatbot_support,0,0,0,0,0,0,0,0,0
2026-W13,product/pack-permis-casa-nord-france,11,11,11,10,1,100.0,90.9,9.1,10.0
2026-W13,home_widget,0,0,0,0,0,0,0,0,0
2026-W13,checkout/pack-10h-boite-automatique,4,4,3,1,1,75.0,33.3,25.0,100.0
2026-W13,checkout/pack-20h,1,1,1,1,0,100.0,100.0,0.0,0.0
2026-W13,checkout/conduite-accompagnee-boite-automatique-first,0,0,0,0,0,0,0,0,0
2026-W13,product/pack-permis-boite-automatique-casa-nord-france,4,3,3,3,1,100.0,100.0,33.3,33.3
2026-W13,product/rendez-vous-pedagogiques-automatique,0,0,0,0,0,0,0,0,0
2026-W13,checkout/pack-permis-complet-boite-automatique-sans-code-et-reussite-conduite-plus,0,0,0,0,0,0,0,0,0
2026-W13,checkout/pack-permis-complet-et-reussite-code-plus,0,0,0,0,0,0,0,0,0
2026-W13,checkout/pack-permis-casa-nord-france,1,1,1,0,0,100.0,0.0,0.0,0
2026-W13,checkout/rendez-vous-pedagogiques,0,0,0,0,0,0,0,0,0
2026-W13,checkout/pack-permis-complet-boite-automatique-et-reussite-code-plus,0,0,0,0,0,0,0,0,0
2026-W13,checkout/pack-permis-boite-automatique-casa-nord-france,0,0,0,0,0,0,0,0,0
2026-W13,checkout/pack-permis-complet-boite-automatique-sans-code-et-reussite-conduite-plus-lead,0,0,0,0,0,0,0,0,0
2026-W13,emailcrm&utm_medium=email&utm_source=crm&utm_campaign=3b74f603-2f61-4df1-9869-4dff5e11d8e9,0,0,0,0,0,0,0,0,0
2026-W13,permis_widget,0,0,0,0,0,0,0,0,0
2026-W14,shop,757,563,449,375,121,79.8,83.5,21.5,32.3
2026-W14,unknown,756,624,484,319,94,77.6,65.9,15.1,29.5
2026-W14,product/pack-permis-complet,175,136,102,75,33,75.0,73.5,24.3,44.0
2026-W14,product/pack-permis-complet-sans-code,166,125,100,76,36,80.0,76.0,28.8,47.4
2026-W14,product/pack-permis-complet-sans-code-lead,157,126,100,75,40,79.4,75.0,31.7,53.3
2026-W14,product/pack-permis-complet-revolut,135,111,82,60,13,73.9,73.2,11.7,21.7
2026-W14,product/pack-permis-complet-boite-automatique,78,63,44,31,11,69.8,70.5,17.5,35.5
2026-W14,emailcrm,98,82,65,58,16,79.3,89.2,19.5,27.6
2026-W14,product/pack-permis-complet-boite-automatique-sans-code,82,67,52,37,25,77.6,71.2,37.3,67.6
2026-W14,product/pack-permis-complet-boite-automatique-sans-code-lead,82,67,51,41,13,76.1,80.4,19.4,31.7
2026-W14,product/pack-5h,81,64,52,38,9,81.2,73.1,14.1,23.7
2026-W14,product/pack-10h,53,46,32,25,10,69.6,78.1,21.7,40.0
2026-W14,product/conduite-accompagnee-first,19,14,11,6,4,78.6,54.5,28.6,66.7
2026-W14,product/pack-20h,62,40,34,26,0,85.0,76.5,0.0,0.0
2026-W14,product/pack-permis-complet-boite-automatique-revolut,38,31,23,19,7,74.2,82.6,22.6,36.8
2026-W14,emailcrmheader,92,72,49,38,11,68.1,77.6,15.3,28.9
2026-W14,product/pack-5h-boite-automatique,20,18,11,7,3,61.1,63.6,16.7,42.9
2026-W14,product/pack-10h-boite-automatique,19,16,12,6,2,75.0,50.0,12.5,33.3
2026-W14,checkout/pack-permis-complet,11,11,7,4,3,63.6,57.1,27.3,75.0
2026-W14,product/conduite-accompagnee-boite-automatique-first,3,2,2,2,2,100.0,100.0,100.0,100.0
2026-W14,checkout/pack-permis-complet-sans-code,22,16,11,8,5,68.8,72.7,31.2,62.5
2026-W14,infocards,0,0,0,0,0,0,0,0,0
2026-W14,checkout/pack-permis-complet-sans-code-lead,19,17,15,11,7,88.2,73.3,41.2,63.6
2026-W14,checkout/pack-permis-complet-boite-automatique,6,6,6,4,1,100.0,66.7,16.7,25.0
2026-W14,checkout/pack-permis-complet-revolut,7,7,2,1,0,28.6,50.0,0.0,0.0
2026-W14,checkout/pack-permis-complet-boite-automatique-sans-code-lead,6,6,3,3,1,50.0,100.0,16.7,33.3
2026-W14,checkout/pack-5h,8,8,6,4,3,75.0,66.7,37.5,75.0
2026-W14,checkout/conduite-accompagnee-first,3,2,2,1,0,100.0,50.0,0.0,0.0
2026-W14,checkout/pack-permis-complet-boite-automatique-sans-code,2,2,2,2,0,100.0,100.0,0.0,0.0
2026-W14,checkout/pack-5h-boite-automatique,10,7,4,4,1,57.1,100.0,14.3,25.0
2026-W14,product/rendez-vous-pedagogiques,2,2,2,2,0,100.0,100.0,0.0,0.0
2026-W14,checkout/pack-10h,5,5,5,4,2,100.0,80.0,40.0,50.0
2026-W14,checkout/pack-permis-complet-boite-automatique-revolut,7,6,5,3,2,83.3,60.0,33.3,66.7
2026-W14,chatbot_support,0,0,0,0,0,0,0,0,0
2026-W14,product/pack-permis-casa-nord-france,3,3,2,1,1,66.7,50.0,33.3,100.0
2026-W14,home_widget,1,1,1,0,0,100.0,0.0,0.0,0
2026-W14,checkout/pack-10h-boite-automatique,0,0,0,0,0,0,0,0,0
2026-W14,checkout/pack-20h,1,1,1,1,0,100.0,100.0,0.0,0.0
2026-W14,checkout/conduite-accompagnee-boite-automatique-first,0,0,0,0,0,0,0,0,0
2026-W14,product/pack-permis-boite-automatique-casa-nord-france,3,2,1,1,1,50.0,100.0,50.0,100.0
2026-W14,product/rendez-vous-pedagogiques-automatique,1,1,1,1,0,100.0,100.0,0.0,0.0
2026-W14,checkout/pack-permis-complet-boite-automatique-sans-code-et-reussite-conduite-plus,0,0,0,0,0,0,0,0,0
2026-W14,checkout/pack-permis-complet-et-reussite-code-plus,0,0,0,0,0,0,0,0,0
2026-W14,checkout/pack-permis-casa-nord-france,0,0,0,0,0,0,0,0,0
2026-W14,checkout/rendez-vous-pedagogiques,0,0,0,0,0,0,0,0,0
2026-W14,checkout/pack-permis-complet-boite-automatique-et-reussite-code-plus,0,0,0,0,0,0,0,0,0
2026-W14,checkout/pack-permis-boite-automatique-casa-nord-france,0,0,0,0,0,0,0,0,0
2026-W14,checkout/pack-permis-complet-boite-automatique-sans-code-et-reussite-conduite-plus-lead,0,0,0,0,0,0,0,0,0
2026-W14,emailcrm&utm_medium=email&utm_source=crm&utm_campaign=3b74f603-2f61-4df1-9869-4dff5e11d8e9,0,0,0,0,0,0,0,0,0
2026-W14,permis_widget,0,0,0,0,0,0,0,0,0
2026-W15,shop,757,542,423,370,127,78.0,87.5,23.4,34.3
2026-W15,unknown,509,423,292,191,58,69.0,65.4,13.7,30.4
2026-W15,product/pack-permis-complet,115,98,72,53,21,73.5,73.6,21.4,39.6
2026-W15,product/pack-permis-complet-sans-code,105,84,66,51,32,78.6,77.3,38.1,62.7
2026-W15,product/pack-permis-complet-sans-code-lead,109,80,60,53,33,75.0,88.3,41.2,62.3
2026-W15,product/pack-permis-complet-revolut,94,70,50,37,14,71.4,74.0,20.0,37.8
2026-W15,product/pack-permis-complet-boite-automatique,55,50,36,30,15,72.0,83.3,30.0,50.0
2026-W15,emailcrm,60,52,36,33,20,69.2,91.7,38.5,60.6
2026-W15,product/pack-permis-complet-boite-automatique-sans-code,56,43,31,30,17,72.1,96.8,39.5,56.7
2026-W15,product/pack-permis-complet-boite-automatique-sans-code-lead,79,59,44,36,12,74.6,81.8,20.3,33.3
2026-W15,product/pack-5h,55,49,38,31,8,77.6,81.6,16.3,25.8
2026-W15,product/pack-10h,36,30,19,15,7,63.3,78.9,23.3,46.7
2026-W15,product/conduite-accompagnee-first,50,42,28,22,12,66.7,78.6,28.6,54.5
2026-W15,product/pack-20h,88,46,40,34,0,87.0,85.0,0.0,0.0
2026-W15,product/pack-permis-complet-boite-automatique-revolut,37,27,20,18,8,74.1,90.0,29.6,44.4
2026-W15,emailcrmheader,80,60,40,34,10,66.7,85.0,16.7,29.4
2026-W15,product/pack-5h-boite-automatique,20,15,13,12,3,86.7,92.3,20.0,25.0
2026-W15,product/pack-10h-boite-automatique,12,10,6,4,2,60.0,66.7,20.0,50.0
2026-W15,checkout/pack-permis-complet,16,14,10,8,2,71.4,80.0,14.3,25.0
2026-W15,product/conduite-accompagnee-boite-automatique-first,18,12,10,9,6,83.3,90.0,50.0,66.7
2026-W15,checkout/pack-permis-complet-sans-code,13,10,8,3,2,80.0,37.5,20.0,66.7
2026-W15,infocards,0,0,0,0,0,0,0,0,0
2026-W15,checkout/pack-permis-complet-sans-code-lead,21,11,8,8,5,72.7,100.0,45.5,62.5
2026-W15,checkout/pack-permis-complet-boite-automatique,5,5,4,2,0,80.0,50.0,0.0,0.0
2026-W15,checkout/pack-permis-complet-revolut,16,11,8,6,3,72.7,75.0,27.3,50.0
2026-W15,checkout/pack-permis-complet-boite-automatique-sans-code-lead,10,9,8,6,3,88.9,75.0,33.3,50.0
2026-W15,checkout/pack-5h,9,9,8,4,1,88.9,50.0,11.1,25.0
2026-W15,checkout/conduite-accompagnee-first,3,2,1,0,0,50.0,0.0,0.0,0
2026-W15,checkout/pack-permis-complet-boite-automatique-sans-code,4,4,1,1,0,25.0,100.0,0.0,0.0
2026-W15,checkout/pack-5h-boite-automatique,7,6,4,3,0,66.7,75.0,0.0,0.0
2026-W15,product/rendez-vous-pedagogiques,5,4,3,3,0,75.0,100.0,0.0,0.0
2026-W15,checkout/pack-10h,5,3,1,1,0,33.3,100.0,0.0,0.0
2026-W15,checkout/pack-permis-complet-boite-automatique-revolut,5,5,4,2,1,80.0,50.0,20.0,50.0
2026-W15,chatbot_support,0,0,0,0,0,0,0,0,0
2026-W15,product/pack-permis-casa-nord-france,7,7,6,6,2,85.7,100.0,28.6,33.3
2026-W15,home_widget,3,1,1,1,0,100.0,100.0,0.0,0.0
2026-W15,checkout/pack-10h-boite-automatique,2,2,1,0,0,50.0,0.0,0.0,0
2026-W15,checkout/pack-20h,5,4,1,1,0,25.0,100.0,0.0,0.0
2026-W15,checkout/conduite-accompagnee-boite-automatique-first,1,1,0,0,0,0.0,0,0.0,0
2026-W15,product/pack-permis-boite-automatique-casa-nord-france,2,2,2,2,1,100.0,100.0,50.0,50.0
2026-W15,product/rendez-vous-pedagogiques-automatique,0,0,0,0,0,0,0,0,0
2026-W15,checkout/pack-permis-complet-boite-automatique-sans-code-et-reussite-conduite-plus,0,0,0,0,0,0,0,0,0
2026-W15,checkout/pack-permis-complet-et-reussite-code-plus,0,0,0,0,0,0,0,0,0
2026-W15,checkout/pack-permis-casa-nord-france,0,0,0,0,0,0,0,0,0
2026-W15,checkout/rendez-vous-pedagogiques,0,0,0,0,0,0,0,0,0
2026-W15,checkout/pack-permis-complet-boite-automatique-et-reussite-code-plus,0,0,0,0,0,0,0,0,0
2026-W15,checkout/pack-permis-boite-automatique-casa-nord-france,0,0,0,0,0,0,0,0,0
2026-W15,checkout/pack-permis-complet-boite-automatique-sans-code-et-reussite-conduite-plus-lead,0,0,0,0,0,0,0,0,0
2026-W15,emailcrm&utm_medium=email&utm_source=crm&utm_campaign=3b74f603-2f61-4df1-9869-4dff5e11d8e9,0,0,0,0,0,0,0,0,0
2026-W15,permis_widget,0,0,0,0,0,0,0,0,0
2026-W16,shop,811,602,562,489,151,93.4,87.0,25.1,30.9
2026-W16,unknown,398,333,305,202,61,91.6,66.2,18.3,30.2
2026-W16,product/pack-permis-complet,131,107,100,85,32,93.5,85.0,29.9,37.6
2026-W16,product/pack-permis-complet-sans-code,98,76,66,51,31,86.8,77.3,40.8,60.8
2026-W16,product/pack-permis-complet-sans-code-lead,144,118,104,90,47,88.1,86.5,39.8,52.2
2026-W16,product/pack-permis-complet-revolut,94,83,69,49,21,83.1,71.0,25.3,42.9
2026-W16,product/pack-permis-complet-boite-automatique,38,31,29,24,12,93.5,82.8,38.7,50.0
2026-W16,emailcrm,57,48,46,35,7,95.8,76.1,14.6,20.0
2026-W16,product/pack-permis-complet-boite-automatique-sans-code,52,41,39,33,20,95.1,84.6,48.8,60.6
2026-W16,product/pack-permis-complet-boite-automatique-sans-code-lead,49,40,38,31,14,95.0,81.6,35.0,45.2
2026-W16,product/pack-5h,70,61,51,39,5,83.6,76.5,8.2,12.8
2026-W16,product/pack-10h,46,39,36,28,10,92.3,77.8,25.6,35.7
2026-W16,product/conduite-accompagnee-first,51,42,40,34,16,95.2,85.0,38.1,47.1
2026-W16,product/pack-20h,49,32,30,25,0,93.8,83.3,0.0,0.0
2026-W16,product/pack-permis-complet-boite-automatique-revolut,37,30,26,19,9,86.7,73.1,30.0,47.4
2026-W16,emailcrmheader,56,49,47,38,7,95.9,80.9,14.3,18.4
2026-W16,product/pack-5h-boite-automatique,21,19,18,11,6,94.7,61.1,31.6,54.5
2026-W16,product/pack-10h-boite-automatique,10,10,10,8,5,100.0,80.0,50.0,62.5
2026-W16,checkout/pack-permis-complet,18,16,16,13,6,100.0,81.2,37.5,46.2
2026-W16,product/conduite-accompagnee-boite-automatique-first,22,21,20,14,6,95.2,70.0,28.6,42.9
2026-W16,checkout/pack-permis-complet-sans-code,11,10,10,9,3,100.0,90.0,30.0,33.3
2026-W16,infocards,0,0,0,0,0,0,0,0,0
2026-W16,checkout/pack-permis-complet-sans-code-lead,13,13,12,9,5,92.3,75.0,38.5,55.6
2026-W16,checkout/pack-permis-complet-boite-automatique,12,10,10,6,2,100.0,60.0,20.0,33.3
2026-W16,checkout/pack-permis-complet-revolut,4,4,4,4,2,100.0,100.0,50.0,50.0
2026-W16,checkout/pack-permis-complet-boite-automatique-sans-code-lead,7,7,6,5,2,85.7,83.3,28.6,40.0
2026-W16,checkout/pack-5h,11,11,11,9,3,100.0,81.8,27.3,33.3
2026-W16,checkout/conduite-accompagnee-first,3,3,3,2,0,100.0,66.7,0.0,0.0
2026-W16,checkout/pack-permis-complet-boite-automatique-sans-code,8,8,7,5,3,87.5,71.4,37.5,60.0
2026-W16,checkout/pack-5h-boite-automatique,3,2,2,2,0,100.0,100.0,0.0,0.0
2026-W16,product/rendez-vous-pedagogiques,9,5,5,4,1,100.0,80.0,20.0,25.0
2026-W16,checkout/pack-10h,5,5,5,5,1,100.0,100.0,20.0,20.0
2026-W16,checkout/pack-permis-complet-boite-automatique-revolut,5,5,4,3,2,80.0,75.0,40.0,66.7
2026-W16,chatbot_support,0,0,0,0,0,0,0,0,0
2026-W16,product/pack-permis-casa-nord-france,14,10,8,7,1,80.0,87.5,10.0,14.3
2026-W16,home_widget,2,2,2,2,0,100.0,100.0,0.0,0.0
2026-W16,checkout/pack-10h-boite-automatique,1,1,1,1,1,100.0,100.0,100.0,100.0
2026-W16,checkout/pack-20h,1,1,1,0,0,100.0,0.0,0.0,0
2026-W16,checkout/conduite-accompagnee-boite-automatique-first,3,1,1,1,0,100.0,100.0,0.0,0.0
2026-W16,product/pack-permis-boite-automatique-casa-nord-france,1,1,1,0,0,100.0,0.0,0.0,0
2026-W16,product/rendez-vous-pedagogiques-automatique,1,1,1,1,0,100.0,100.0,0.0,0.0
2026-W16,checkout/pack-permis-complet-boite-automatique-sans-code-et-reussite-conduite-plus,0,0,0,0,0,0,0,0,0
2026-W16,checkout/pack-permis-complet-et-reussite-code-plus,0,0,0,0,0,0,0,0,0
2026-W16,checkout/pack-permis-casa-nord-france,0,0,0,0,0,0,0,0,0
2026-W16,checkout/rendez-vous-pedagogiques,0,0,0,0,0,0,0,0,0
2026-W16,checkout/pack-permis-complet-boite-automatique-et-reussite-code-plus,0,0,0,0,0,0,0,0,0
2026-W16,checkout/pack-permis-boite-automatique-casa-nord-france,1,1,1,1,0,100.0,100.0,0.0,0.0
2026-W16,checkout/pack-permis-complet-boite-automatique-sans-code-et-reussite-conduite-plus-lead,0,0,0,0,0,0,0,0,0
2026-W16,emailcrm&utm_medium=email&utm_source=crm&utm_campaign=3b74f603-2f61-4df1-9869-4dff5e11d8e9,0,0,0,0,0,0,0,0,0
2026-W16,permis_widget,0,0,0,0,0,0,0,0,0
2026-W17,shop,657,491,485,404,111,98.8,83.3,22.6,27.5
2026-W17,unknown,81,74,70,48,18,94.6,68.6,24.3,37.5
2026-W17,product/pack-permis-complet,94,87,87,70,24,100.0,80.5,27.6,34.3
2026-W17,product/pack-permis-complet-sans-code,94,81,78,68,36,96.3,87.2,44.4,52.9
2026-W17,product/pack-permis-complet-sans-code-lead,102,90,86,68,25,95.6,79.1,27.8,36.8
2026-W17,product/pack-permis-complet-revolut,120,102,97,75,19,95.1,77.3,18.6,25.3
2026-W17,product/pack-permis-complet-boite-automatique,36,31,30,27,10,96.8,90.0,32.3,37.0
2026-W17,emailcrm,47,43,41,31,10,95.3,75.6,23.3,32.3
2026-W17,product/pack-permis-complet-boite-automatique-sans-code,52,44,44,38,13,100.0,86.4,29.5,34.2
2026-W17,product/pack-permis-complet-boite-automatique-sans-code-lead,43,37,37,31,19,100.0,83.8,51.4,61.3
2026-W17,product/pack-5h,62,53,52,45,6,98.1,86.5,11.3,13.3
2026-W17,product/pack-10h,33,29,29,25,8,100.0,86.2,27.6,32.0
2026-W17,product/conduite-accompagnee-first,47,41,40,31,14,97.6,77.5,34.1,45.2
2026-W17,product/pack-20h,55,35,35,33,1,100.0,94.3,2.9,3.0
2026-W17,product/pack-permis-complet-boite-automatique-revolut,38,33,32,29,10,97.0,90.6,30.3,34.5
2026-W17,emailcrmheader,35,33,33,29,3,100.0,87.9,9.1,10.3
2026-W17,product/pack-5h-boite-automatique,23,20,19,14,6,95.0,73.7,30.0,42.9
2026-W17,product/pack-10h-boite-automatique,8,8,7,5,4,87.5,71.4,50.0,80.0
2026-W17,checkout/pack-permis-complet,6,6,6,5,0,100.0,83.3,0.0,0.0
2026-W17,product/conduite-accompagnee-boite-automatique-first,9,9,9,9,2,100.0,100.0,22.2,22.2
2026-W17,checkout/pack-permis-complet-sans-code,5,5,5,3,2,100.0,60.0,40.0,66.7
2026-W17,infocards,0,0,0,0,0,0,0,0,0
2026-W17,checkout/pack-permis-complet-sans-code-lead,8,8,8,5,2,100.0,62.5,25.0,40.0
2026-W17,checkout/pack-permis-complet-boite-automatique,11,8,8,4,2,100.0,50.0,25.0,50.0
2026-W17,checkout/pack-permis-complet-revolut,11,10,10,7,3,100.0,70.0,30.0,42.9
2026-W17,checkout/pack-permis-complet-boite-automatique-sans-code-lead,3,3,2,2,0,66.7,100.0,0.0,0.0
2026-W17,checkout/pack-5h,10,9,9,9,2,100.0,100.0,22.2,22.2
2026-W17,checkout/conduite-accompagnee-first,4,4,4,4,2,100.0,100.0,50.0,50.0
2026-W17,checkout/pack-permis-complet-boite-automatique-sans-code,5,3,3,1,1,100.0,33.3,33.3,100.0
2026-W17,checkout/pack-5h-boite-automatique,5,5,5,4,0,100.0,80.0,0.0,0.0
2026-W17,product/rendez-vous-pedagogiques,7,5,5,5,1,100.0,100.0,20.0,20.0
2026-W17,checkout/pack-10h,7,6,6,6,1,100.0,100.0,16.7,16.7
2026-W17,checkout/pack-permis-complet-boite-automatique-revolut,4,4,4,3,1,100.0,75.0,25.0,33.3
2026-W17,chatbot_support,0,0,0,0,0,0,0,0,0
2026-W17,product/pack-permis-casa-nord-france,4,4,4,4,2,100.0,100.0,50.0,50.0
2026-W17,home_widget,1,1,1,1,0,100.0,100.0,0.0,0.0
2026-W17,checkout/pack-10h-boite-automatique,0,0,0,0,0,0,0,0,0
2026-W17,checkout/pack-20h,3,3,3,2,0,100.0,66.7,0.0,0.0
2026-W17,checkout/conduite-accompagnee-boite-automatique-first,0,0,0,0,0,0,0,0,0
2026-W17,product/pack-permis-boite-automatique-casa-nord-france,3,3,3,3,2,100.0,100.0,66.7,66.7
2026-W17,product/rendez-vous-pedagogiques-automatique,0,0,0,0,0,0,0,0,0
2026-W17,checkout/pack-permis-complet-boite-automatique-sans-code-et-reussite-conduite-plus,0,0,0,0,0,0,0,0,0
2026-W17,checkout/pack-permis-complet-et-reussite-code-plus,0,0,0,0,0,0,0,0,0
2026-W17,checkout/pack-permis-casa-nord-france,1,1,1,1,0,100.0,100.0,0.0,0.0
2026-W17,checkout/rendez-vous-pedagogiques,0,0,0,0,0,0,0,0,0
2026-W17,checkout/pack-permis-complet-boite-automatique-et-reussite-code-plus,0,0,0,0,0,0,0,0,0
2026-W17,checkout/pack-permis-boite-automatique-casa-nord-france,0,0,0,0,0,0,0,0,0
2026-W17,checkout/pack-permis-complet-boite-automatique-sans-code-et-reussite-conduite-plus-lead,0,0,0,0,0,0,0,0,0
2026-W17,emailcrm&utm_medium=email&utm_source=crm&utm_campaign=3b74f603-2f61-4df1-9869-4dff5e11d8e9,0,0,0,0,0,0,0,0,0
2026-W17,permis_widget,0,0,0,0,0,0,0,0,0
2026-W18,shop,629,475,442,381,123,93.1,86.2,25.9,32.3
2026-W18,unknown,75,55,47,28,8,85.5,59.6,14.5,28.6
2026-W18,product/pack-permis-complet,83,75,66,49,25,88.0,74.2,33.3,51.0
2026-W18,product/pack-permis-complet-sans-code,103,74,69,56,24,93.2,81.2,32.4,42.9
2026-W18,product/pack-permis-complet-sans-code-lead,116,88,76,56,25,86.4,73.7,28.4,44.6
2026-W18,product/pack-permis-complet-revolut,151,97,85,71,22,87.6,83.5,22.7,31.0
2026-W18,product/pack-permis-complet-boite-automatique,29,26,24,21,8,92.3,87.5,30.8,38.1
2026-W18,emailcrm,42,37,33,29,12,89.2,87.9,32.4,41.4
2026-W18,product/pack-permis-complet-boite-automatique-sans-code,33,29,28,22,11,96.6,78.6,37.9,50.0
2026-W18,product/pack-permis-complet-boite-automatique-sans-code-lead,46,34,31,28,11,91.2,90.3,32.4,39.3
2026-W18,product/pack-5h,49,41,38,29,3,92.7,76.3,7.3,10.3
2026-W18,product/pack-10h,42,34,33,23,9,97.1,69.7,26.5,39.1
2026-W18,product/conduite-accompagnee-first,49,43,35,29,13,81.4,82.9,30.2,44.8
2026-W18,product/pack-20h,56,34,34,33,1,100.0,97.1,2.9,3.0
2026-W18,product/pack-permis-complet-boite-automatique-revolut,37,32,29,21,7,90.6,72.4,21.9,33.3
2026-W18,emailcrmheader,23,22,18,15,3,81.8,83.3,13.6,20.0
2026-W18,product/pack-5h-boite-automatique,28,23,22,15,3,95.7,68.2,13.0,20.0
2026-W18,product/pack-10h-boite-automatique,23,10,9,8,4,90.0,88.9,40.0,50.0
2026-W18,checkout/pack-permis-complet,11,10,7,4,2,70.0,57.1,20.0,50.0
2026-W18,product/conduite-accompagnee-boite-automatique-first,13,12,11,7,4,91.7,63.6,33.3,57.1
2026-W18,checkout/pack-permis-complet-sans-code,7,5,4,3,1,80.0,75.0,20.0,33.3
2026-W18,infocards,0,0,0,0,0,0,0,0,0
2026-W18,checkout/pack-permis-complet-sans-code-lead,19,17,15,12,4,88.2,80.0,23.5,33.3
2026-W18,checkout/pack-permis-complet-boite-automatique,5,5,5,5,3,100.0,100.0,60.0,60.0
2026-W18,checkout/pack-permis-complet-revolut,14,14,14,11,4,100.0,78.6,28.6,36.4
2026-W18,checkout/pack-permis-complet-boite-automatique-sans-code-lead,4,4,3,2,0,75.0,66.7,0.0,0.0
2026-W18,checkout/pack-5h,5,5,4,3,0,80.0,75.0,0.0,0.0
2026-W18,checkout/conduite-accompagnee-first,4,4,4,4,4,100.0,100.0,100.0,100.0
2026-W18,checkout/pack-permis-complet-boite-automatique-sans-code,5,5,5,5,2,100.0,100.0,40.0,40.0
2026-W18,checkout/pack-5h-boite-automatique,1,1,1,1,0,100.0,100.0,0.0,0.0
2026-W18,product/rendez-vous-pedagogiques,2,2,2,1,0,100.0,50.0,0.0,0.0
2026-W18,checkout/pack-10h,2,1,1,1,0,100.0,100.0,0.0,0.0
2026-W18,checkout/pack-permis-complet-boite-automatique-revolut,2,2,2,1,0,100.0,50.0,0.0,0.0
2026-W18,chatbot_support,0,0,0,0,0,0,0,0,0
2026-W18,product/pack-permis-casa-nord-france,0,0,0,0,0,0,0,0,0
2026-W18,home_widget,0,0,0,0,0,0,0,0,0
2026-W18,checkout/pack-10h-boite-automatique,2,2,2,2,1,100.0,100.0,50.0,50.0
2026-W18,checkout/pack-20h,2,2,2,2,0,100.0,100.0,0.0,0.0
2026-W18,checkout/conduite-accompagnee-boite-automatique-first,0,0,0,0,0,0,0,0,0
2026-W18,product/pack-permis-boite-automatique-casa-nord-france,0,0,0,0,0,0,0,0,0
2026-W18,product/rendez-vous-pedagogiques-automatique,0,0,0,0,0,0,0,0,0
2026-W18,checkout/pack-permis-complet-boite-automatique-sans-code-et-reussite-conduite-plus,0,0,0,0,0,0,0,0,0
2026-W18,checkout/pack-permis-complet-et-reussite-code-plus,0,0,0,0,0,0,0,0,0
2026-W18,checkout/pack-permis-casa-nord-france,0,0,0,0,0,0,0,0,0
2026-W18,checkout/rendez-vous-pedagogiques,0,0,0,0,0,0,0,0,0
2026-W18,checkout/pack-permis-complet-boite-automatique-et-reussite-code-plus,0,0,0,0,0,0,0,0,0
2026-W18,checkout/pack-permis-boite-automatique-casa-nord-france,0,0,0,0,0,0,0,0,0
2026-W18,checkout/pack-permis-complet-boite-automatique-sans-code-et-reussite-conduite-plus-lead,0,0,0,0,0,0,0,0,0
2026-W18,emailcrm&utm_medium=email&utm_source=crm&utm_campaign=3b74f603-2f61-4df1-9869-4dff5e11d8e9,0,0,0,0,0,0,0,0,0
2026-W18,permis_widget,0,0,0,0,0,0,0,0,0
2026-W19,shop,719,545,489,416,144,89.7,85.1,26.4,34.6
2026-W19,unknown,811,680,607,419,146,89.3,69.0,21.5,34.8
2026-W19,product/pack-permis-complet,129,113,95,71,34,84.1,74.7,30.1,47.9
2026-W19,product/pack-permis-complet-sans-code,126,105,98,77,36,93.3,78.6,34.3,46.8
2026-W19,product/pack-permis-complet-sans-code-lead,114,95,87,73,36,91.6,83.9,37.9,49.3
2026-W19,product/pack-permis-complet-revolut,113,101,87,63,24,86.1,72.4,23.8,38.1
2026-W19,product/pack-permis-complet-boite-automatique,47,43,35,27,14,81.4,77.1,32.6,51.9
2026-W19,emailcrm,51,46,40,31,10,87.0,77.5,21.7,32.3
2026-W19,product/pack-permis-complet-boite-automatique-sans-code,52,42,33,26,14,78.6,78.8,33.3,53.8
2026-W19,product/pack-permis-complet-boite-automatique-sans-code-lead,72,55,52,43,22,94.5,82.7,40.0,51.2
2026-W19,product/pack-5h,62,57,51,39,5,89.5,76.5,8.8,12.8
2026-W19,product/pack-10h,48,45,42,29,11,93.3,69.0,24.4,37.9
2026-W19,product/conduite-accompagnee-first,72,64,59,49,21,92.2,83.1,32.8,42.9
2026-W19,product/pack-20h,59,34,32,30,0,94.1,93.8,0.0,0.0
2026-W19,product/pack-permis-complet-boite-automatique-revolut,24,21,17,15,7,81.0,88.2,33.3,46.7
2026-W19,emailcrmheader,48,44,37,31,10,84.1,83.8,22.7,32.3
2026-W19,product/pack-5h-boite-automatique,26,22,21,16,2,95.5,76.2,9.1,12.5
2026-W19,product/pack-10h-boite-automatique,17,14,13,9,4,92.9,69.2,28.6,44.4
2026-W19,checkout/pack-permis-complet,14,12,10,9,2,83.3,90.0,16.7,22.2
2026-W19,product/conduite-accompagnee-boite-automatique-first,15,15,14,10,4,93.3,71.4,26.7,40.0
2026-W19,checkout/pack-permis-complet-sans-code,12,8,5,5,3,62.5,100.0,37.5,60.0
2026-W19,infocards,0,0,0,0,0,0,0,0,0
2026-W19,checkout/pack-permis-complet-sans-code-lead,10,9,8,7,5,88.9,87.5,55.6,71.4
2026-W19,checkout/pack-permis-complet-boite-automatique,2,2,0,0,0,0.0,0,0.0,0
2026-W19,checkout/pack-permis-complet-revolut,13,11,7,7,0,63.6,100.0,0.0,0.0
2026-W19,checkout/pack-permis-complet-boite-automatique-sans-code-lead,9,9,9,8,2,100.0,88.9,22.2,25.0
2026-W19,checkout/pack-5h,6,5,5,4,1,100.0,80.0,20.0,25.0
2026-W19,checkout/conduite-accompagnee-first,4,4,4,4,2,100.0,100.0,50.0,50.0
2026-W19,checkout/pack-permis-complet-boite-automatique-sans-code,4,4,4,3,0,100.0,75.0,0.0,0.0
2026-W19,checkout/pack-5h-boite-automatique,7,6,6,4,2,100.0,66.7,33.3,50.0
2026-W19,product/rendez-vous-pedagogiques,3,3,3,3,0,100.0,100.0,0.0,0.0
2026-W19,checkout/pack-10h,6,6,5,2,0,83.3,40.0,0.0,0.0
2026-W19,checkout/pack-permis-complet-boite-automatique-revolut,5,5,3,2,1,60.0,66.7,20.0,50.0
2026-W19,chatbot_support,0,0,0,0,0,0,0,0,0
2026-W19,product/pack-permis-casa-nord-france,0,0,0,0,0,0,0,0,0
2026-W19,home_widget,0,0,0,0,0,0,0,0,0
2026-W19,checkout/pack-10h-boite-automatique,2,2,2,2,1,100.0,100.0,50.0,50.0
2026-W19,checkout/pack-20h,0,0,0,0,0,0,0,0,0
2026-W19,checkout/conduite-accompagnee-boite-automatique-first,1,1,1,1,0,100.0,100.0,0.0,0.0
2026-W19,product/pack-permis-boite-automatique-casa-nord-france,0,0,0,0,0,0,0,0,0
2026-W19,product/rendez-vous-pedagogiques-automatique,0,0,0,0,0,0,0,0,0
2026-W19,checkout/pack-permis-complet-boite-automatique-sans-code-et-reussite-conduite-plus,0,0,0,0,0,0,0,0,0
2026-W19,checkout/pack-permis-complet-et-reussite-code-plus,0,0,0,0,0,0,0,0,0
2026-W19,checkout/pack-permis-casa-nord-france,0,0,0,0,0,0,0,0,0
2026-W19,checkout/rendez-vous-pedagogiques,0,0,0,0,0,0,0,0,0
2026-W19,checkout/pack-permis-complet-boite-automatique-et-reussite-code-plus,0,0,0,0,0,0,0,0,0
2026-W19,checkout/pack-permis-boite-automatique-casa-nord-france,0,0,0,0,0,0,0,0,0
2026-W19,checkout/pack-permis-complet-boite-automatique-sans-code-et-reussite-conduite-plus-lead,0,0,0,0,0,0,0,0,0
2026-W19,emailcrm&utm_medium=email&utm_source=crm&utm_campaign=3b74f603-2f61-4df1-9869-4dff5e11d8e9,0,0,0,0,0,0,0,0,0
2026-W19,permis_widget,0,0,0,0,0,0,0,0,0
2026-W20,shop,652,509,496,440,138,97.4,88.7,27.1,31.4
2026-W20,unknown,370,329,325,234,65,98.8,72.0,19.8,27.8
2026-W20,product/pack-permis-complet,90,73,72,55,20,98.6,76.4,27.4,36.4
2026-W20,product/pack-permis-complet-sans-code,105,88,87,64,32,98.9,73.6,36.4,50.0
2026-W20,product/pack-permis-complet-sans-code-lead,92,75,72,59,24,96.0,81.9,32.0,40.7
2026-W20,product/pack-permis-complet-revolut,100,89,88,71,26,98.9,80.7,29.2,36.6
2026-W20,product/pack-permis-complet-boite-automatique,43,40,38,30,12,95.0,78.9,30.0,40.0
2026-W20,emailcrm,63,56,54,44,15,96.4,81.5,26.8,34.1
2026-W20,product/pack-permis-complet-boite-automatique-sans-code,46,42,41,33,14,97.6,80.5,33.3,42.4
2026-W20,product/pack-permis-complet-boite-automatique-sans-code-lead,49,42,42,29,14,100.0,69.0,33.3,48.3
2026-W20,product/pack-5h,49,43,43,32,8,100.0,74.4,18.6,25.0
2026-W20,product/pack-10h,34,30,29,22,5,96.7,75.9,16.7,22.7
2026-W20,product/conduite-accompagnee-first,38,35,33,28,8,94.3,84.8,22.9,28.6
2026-W20,product/pack-20h,61,36,36,34,0,100.0,94.4,0.0,0.0
2026-W20,product/pack-permis-complet-boite-automatique-revolut,35,26,26,25,10,100.0,96.2,38.5,40.0
2026-W20,emailcrmheader,54,49,46,35,10,93.9,76.1,20.4,28.6
2026-W20,product/pack-5h-boite-automatique,14,14,13,8,2,92.9,61.5,14.3,25.0
2026-W20,product/pack-10h-boite-automatique,8,7,7,6,4,100.0,85.7,57.1,66.7
2026-W20,checkout/pack-permis-complet,10,10,10,8,3,100.0,80.0,30.0,37.5
2026-W20,product/conduite-accompagnee-boite-automatique-first,6,6,5,2,1,83.3,40.0,16.7,50.0
2026-W20,checkout/pack-permis-complet-sans-code,13,12,12,10,4,100.0,83.3,33.3,40.0
2026-W20,infocards,0,0,0,0,0,0,0,0,0
2026-W20,checkout/pack-permis-complet-sans-code-lead,8,7,7,6,1,100.0,85.7,14.3,16.7
2026-W20,checkout/pack-permis-complet-boite-automatique,9,9,9,7,6,100.0,77.8,66.7,85.7
2026-W20,checkout/pack-permis-complet-revolut,9,9,9,8,2,100.0,88.9,22.2,25.0
2026-W20,checkout/pack-permis-complet-boite-automatique-sans-code-lead,4,4,4,4,1,100.0,100.0,25.0,25.0
2026-W20,checkout/pack-5h,6,6,6,3,0,100.0,50.0,0.0,0.0
2026-W20,checkout/conduite-accompagnee-first,5,5,5,5,2,100.0,100.0,40.0,40.0
2026-W20,checkout/pack-permis-complet-boite-automatique-sans-code,5,5,5,3,1,100.0,60.0,20.0,33.3
2026-W20,checkout/pack-5h-boite-automatique,7,7,6,4,0,85.7,66.7,0.0,0.0
2026-W20,product/rendez-vous-pedagogiques,5,3,3,2,0,100.0,66.7,0.0,0.0
2026-W20,checkout/pack-10h,5,5,5,2,2,100.0,40.0,40.0,100.0
2026-W20,checkout/pack-permis-complet-boite-automatique-revolut,2,2,2,2,0,100.0,100.0,0.0,0.0
2026-W20,chatbot_support,0,0,0,0,0,0,0,0,0
2026-W20,product/pack-permis-casa-nord-france,0,0,0,0,0,0,0,0,0
2026-W20,home_widget,1,1,1,1,0,100.0,100.0,0.0,0.0
2026-W20,checkout/pack-10h-boite-automatique,1,1,1,0,0,100.0,0.0,0.0,0
2026-W20,checkout/pack-20h,1,1,1,1,0,100.0,100.0,0.0,0.0
2026-W20,checkout/conduite-accompagnee-boite-automatique-first,2,2,2,2,1,100.0,100.0,50.0,50.0
2026-W20,product/pack-permis-boite-automatique-casa-nord-france,0,0,0,0,0,0,0,0,0
2026-W20,product/rendez-vous-pedagogiques-automatique,3,2,2,2,0,100.0,100.0,0.0,0.0
2026-W20,checkout/pack-permis-complet-boite-automatique-sans-code-et-reussite-conduite-plus,0,0,0,0,0,0,0,0,0
2026-W20,checkout/pack-permis-complet-et-reussite-code-plus,0,0,0,0,0,0,0,0,0
2026-W20,checkout/pack-permis-casa-nord-france,0,0,0,0,0,0,0,0,0
2026-W20,checkout/rendez-vous-pedagogiques,0,0,0,0,0,0,0,0,0
2026-W20,checkout/pack-permis-complet-boite-automatique-et-reussite-code-plus,0,0,0,0,0,0,0,0,0
2026-W20,checkout/pack-permis-boite-automatique-casa-nord-france,0,0,0,0,0,0,0,0,0
2026-W20,checkout/pack-permis-complet-boite-automatique-sans-code-et-reussite-conduite-plus-lead,0,0,0,0,0,0,0,0,0
2026-W20,emailcrm&utm_medium=email&utm_source=crm&utm_campaign=3b74f603-2f61-4df1-9869-4dff5e11d8e9,0,0,0,0,0,0,0,0,0
2026-W20,permis_widget,0,0,0,0,0,0,0,0,0
2026-W21,shop,560,445,436,375,105,98.0,86.0,23.6,28.0
2026-W21,unknown,537,437,431,350,60,98.6,81.2,13.7,17.1
2026-W21,product/pack-permis-complet,91,82,82,69,19,100.0,84.1,23.2,27.5
2026-W21,product/pack-permis-complet-sans-code,73,65,63,54,22,96.9,85.7,33.8,40.7
2026-W21,product/pack-permis-complet-sans-code-lead,79,65,64,56,24,98.5,87.5,36.9,42.9
2026-W21,product/pack-permis-complet-revolut,103,100,96,79,17,96.0,82.3,17.0,21.5
2026-W21,product/pack-permis-complet-boite-automatique,40,37,37,30,12,100.0,81.1,32.4,40.0
2026-W21,emailcrm,44,38,38,32,9,100.0,84.2,23.7,28.1
2026-W21,product/pack-permis-complet-boite-automatique-sans-code,38,32,32,22,9,100.0,68.8,28.1,40.9
2026-W21,product/pack-permis-complet-boite-automatique-sans-code-lead,33,29,29,26,17,100.0,89.7,58.6,65.4
2026-W21,product/pack-5h,53,46,41,34,6,89.1,82.9,13.0,17.6
2026-W21,product/pack-10h,21,20,19,15,4,95.0,78.9,20.0,26.7
2026-W21,product/conduite-accompagnee-first,36,34,33,27,8,97.1,81.8,23.5,29.6
2026-W21,product/pack-20h,63,40,39,36,0,97.5,92.3,0.0,0.0
2026-W21,product/pack-permis-complet-boite-automatique-revolut,48,47,46,39,6,97.9,84.8,12.8,15.4
2026-W21,emailcrmheader,32,28,27,25,5,96.4,92.6,17.9,20.0
2026-W21,product/pack-5h-boite-automatique,10,9,9,6,3,100.0,66.7,33.3,50.0
2026-W21,product/pack-10h-boite-automatique,14,12,12,8,1,100.0,66.7,8.3,12.5
2026-W21,checkout/pack-permis-complet,8,7,7,6,3,100.0,85.7,42.9,50.0
2026-W21,product/conduite-accompagnee-boite-automatique-first,12,10,10,7,4,100.0,70.0,40.0,57.1
2026-W21,checkout/pack-permis-complet-sans-code,5,5,5,4,2,100.0,80.0,40.0,50.0
2026-W21,infocards,0,0,0,0,0,0,0,0,0
2026-W21,checkout/pack-permis-complet-sans-code-lead,13,13,13,11,7,100.0,84.6,53.8,63.6
2026-W21,checkout/pack-permis-complet-boite-automatique,1,1,1,1,1,100.0,100.0,100.0,100.0
2026-W21,checkout/pack-permis-complet-revolut,13,13,13,13,7,100.0,100.0,53.8,53.8
2026-W21,checkout/pack-permis-complet-boite-automatique-sans-code-lead,5,5,4,4,2,80.0,100.0,40.0,50.0
2026-W21,checkout/pack-5h,7,7,6,3,0,85.7,50.0,0.0,0.0
2026-W21,checkout/conduite-accompagnee-first,5,4,3,2,1,75.0,66.7,25.0,50.0
2026-W21,checkout/pack-permis-complet-boite-automatique-sans-code,4,4,3,3,1,75.0,100.0,25.0,33.3
2026-W21,checkout/pack-5h-boite-automatique,5,5,5,1,0,100.0,20.0,0.0,0.0
2026-W21,product/rendez-vous-pedagogiques,4,3,3,2,0,100.0,66.7,0.0,0.0
2026-W21,checkout/pack-10h,1,1,1,1,0,100.0,100.0,0.0,0.0
2026-W21,checkout/pack-permis-complet-boite-automatique-revolut,3,3,3,2,0,100.0,66.7,0.0,0.0
2026-W21,chatbot_support,0,0,0,0,0,0,0,0,0
2026-W21,product/pack-permis-casa-nord-france,0,0,0,0,0,0,0,0,0
2026-W21,home_widget,0,0,0,0,0,0,0,0,0
2026-W21,checkout/pack-10h-boite-automatique,1,1,1,1,0,100.0,100.0,0.0,0.0
2026-W21,checkout/pack-20h,4,3,3,1,0,100.0,33.3,0.0,0.0
2026-W21,checkout/conduite-accompagnee-boite-automatique-first,1,1,1,0,0,100.0,0.0,0.0,0
2026-W21,product/pack-permis-boite-automatique-casa-nord-france,0,0,0,0,0,0,0,0,0
2026-W21,product/rendez-vous-pedagogiques-automatique,1,1,1,1,0,100.0,100.0,0.0,0.0
2026-W21,checkout/pack-permis-complet-boite-automatique-sans-code-et-reussite-conduite-plus,0,0,0,0,0,0,0,0,0
2026-W21,checkout/pack-permis-complet-et-reussite-code-plus,0,0,0,0,0,0,0,0,0
2026-W21,checkout/pack-permis-casa-nord-france,0,0,0,0,0,0,0,0,0
2026-W21,checkout/rendez-vous-pedagogiques,0,0,0,0,0,0,0,0,0
2026-W21,checkout/pack-permis-complet-boite-automatique-et-reussite-code-plus,0,0,0,0,0,0,0,0,0
2026-W21,checkout/pack-permis-boite-automatique-casa-nord-france,0,0,0,0,0,0,0,0,0
2026-W21,checkout/pack-permis-complet-boite-automatique-sans-code-et-reussite-conduite-plus-lead,0,0,0,0,0,0,0,0,0
2026-W21,emailcrm&utm_medium=email&utm_source=crm&utm_campaign=3b74f603-2f61-4df1-9869-4dff5e11d8e9,0,0,0,0,0,0,0,0,0
2026-W21,permis_widget,0,0,0,0,0,0,0,0,0
2026-W22,shop,505,411,402,348,89,97.8,86.6,21.7,25.6
2026-W22,unknown,260,230,223,151,43,97.0,67.7,18.7,28.5
2026-W22,product/pack-permis-complet,75,66,62,54,14,93.9,87.1,21.2,25.9
2026-W22,product/pack-permis-complet-sans-code,67,56,55,45,25,98.2,81.8,44.6,55.6
2026-W22,product/pack-permis-complet-sans-code-lead,88,78,74,61,31,94.9,82.4,39.7,50.8
2026-W22,product/pack-permis-complet-revolut,94,74,69,55,14,93.2,79.7,18.9,25.5
2026-W22,product/pack-permis-complet-boite-automatique,46,41,37,35,14,90.2,94.6,34.1,40.0
2026-W22,emailcrm,48,44,42,32,8,95.5,76.2,18.2,25.0
2026-W22,product/pack-permis-complet-boite-automatique-sans-code,41,37,34,27,10,91.9,79.4,27.0,37.0
2026-W22,product/pack-permis-complet-boite-automatique-sans-code-lead,52,50,47,40,13,94.0,85.1,26.0,32.5
2026-W22,product/pack-5h,44,40,37,32,4,92.5,86.5,10.0,12.5
2026-W22,product/pack-10h,27,26,24,21,5,92.3,87.5,19.2,23.8
2026-W22,product/conduite-accompagnee-first,34,30,29,23,5,96.7,79.3,16.7,21.7
2026-W22,product/pack-20h,14,11,10,10,0,90.9,100.0,0.0,0.0
2026-W22,product/pack-permis-complet-boite-automatique-revolut,28,27,24,19,6,88.9,79.2,22.2,31.6
2026-W22,emailcrmheader,46,42,40,29,6,95.2,72.5,14.3,20.7
2026-W22,product/pack-5h-boite-automatique,7,7,6,5,4,85.7,83.3,57.1,80.0
2026-W22,product/pack-10h-boite-automatique,10,8,7,6,2,87.5,85.7,25.0,33.3
2026-W22,checkout/pack-permis-complet,7,7,7,5,3,100.0,71.4,42.9,60.0
2026-W22,product/conduite-accompagnee-boite-automatique-first,15,13,12,9,4,92.3,75.0,30.8,44.4
2026-W22,checkout/pack-permis-complet-sans-code,11,11,10,8,2,90.9,80.0,18.2,25.0
2026-W22,infocards,0,0,0,0,0,0,0,0,0
2026-W22,checkout/pack-permis-complet-sans-code-lead,15,13,13,12,6,100.0,92.3,46.2,50.0
2026-W22,checkout/pack-permis-complet-boite-automatique,2,2,2,2,1,100.0,100.0,50.0,50.0
2026-W22,checkout/pack-permis-complet-revolut,4,4,4,3,2,100.0,75.0,50.0,66.7
2026-W22,checkout/pack-permis-complet-boite-automatique-sans-code-lead,6,3,3,2,0,100.0,66.7,0.0,0.0
2026-W22,checkout/pack-5h,8,7,6,6,1,85.7,100.0,14.3,16.7
2026-W22,checkout/conduite-accompagnee-first,6,6,6,5,3,100.0,83.3,50.0,60.0
2026-W22,checkout/pack-permis-complet-boite-automatique-sans-code,5,4,4,4,1,100.0,100.0,25.0,25.0
2026-W22,checkout/pack-5h-boite-automatique,5,5,5,4,2,100.0,80.0,40.0,50.0
2026-W22,product/rendez-vous-pedagogiques,0,0,0,0,0,0,0,0,0
2026-W22,checkout/pack-10h,2,2,2,1,0,100.0,50.0,0.0,0.0
2026-W22,checkout/pack-permis-complet-boite-automatique-revolut,0,0,0,0,0,0,0,0,0
2026-W22,chatbot_support,0,0,0,0,0,0,0,0,0
2026-W22,product/pack-permis-casa-nord-france,0,0,0,0,0,0,0,0,0
2026-W22,home_widget,0,0,0,0,0,0,0,0,0
2026-W22,checkout/pack-10h-boite-automatique,4,3,3,3,1,100.0,100.0,33.3,33.3
2026-W22,checkout/pack-20h,0,0,0,0,0,0,0,0,0
2026-W22,checkout/conduite-accompagnee-boite-automatique-first,0,0,0,0,0,0,0,0,0
2026-W22,product/pack-permis-boite-automatique-casa-nord-france,0,0,0,0,0,0,0,0,0
2026-W22,product/rendez-vous-pedagogiques-automatique,0,0,0,0,0,0,0,0,0
2026-W22,checkout/pack-permis-complet-boite-automatique-sans-code-et-reussite-conduite-plus,0,0,0,0,0,0,0,0,0
2026-W22,checkout/pack-permis-complet-et-reussite-code-plus,0,0,0,0,0,0,0,0,0
2026-W22,checkout/pack-permis-casa-nord-france,0,0,0,0,0,0,0,0,0
2026-W22,checkout/rendez-vous-pedagogiques,1,1,1,1,0,100.0,100.0,0.0,0.0
2026-W22,checkout/pack-permis-complet-boite-automatique-et-reussite-code-plus,0,0,0,0,0,0,0,0,0
2026-W22,checkout/pack-permis-boite-automatique-casa-nord-france,0,0,0,0,0,0,0,0,0
2026-W22,checkout/pack-permis-complet-boite-automatique-sans-code-et-reussite-conduite-plus-lead,0,0,0,0,0,0,0,0,0
2026-W22,emailcrm&utm_medium=email&utm_source=crm&utm_campaign=3b74f603-2f61-4df1-9869-4dff5e11d8e9,0,0,0,0,0,0,0,0,0
2026-W22,permis_widget,0,0,0,0,0,0,0,0,0
2026-W23,shop,695,521,462,415,98,88.7,89.8,18.8,23.6
2026-W23,unknown,708,639,581,378,77,90.9,65.1,12.1,20.4
2026-W23,product/pack-permis-complet,167,141,109,81,29,77.3,74.3,20.6,35.8
2026-W23,product/pack-permis-complet-sans-code,116,96,87,75,25,90.6,86.2,26.0,33.3
2026-W23,product/pack-permis-complet-sans-code-lead,182,147,136,119,51,92.5,87.5,34.7,42.9
2026-W23,product/pack-permis-complet-revolut,142,126,105,86,24,83.3,81.9,19.0,27.9
2026-W23,product/pack-permis-complet-boite-automatique,94,71,60,46,22,84.5,76.7,31.0,47.8
2026-W23,emailcrm,200,182,149,107,22,81.9,71.8,12.1,20.6
2026-W23,product/pack-permis-complet-boite-automatique-sans-code,54,44,35,32,17,79.5,91.4,38.6,53.1
2026-W23,product/pack-permis-complet-boite-automatique-sans-code-lead,84,63,54,41,21,85.7,75.9,33.3,51.2
2026-W23,product/pack-5h,62,50,42,35,4,84.0,83.3,8.0,11.4
2026-W23,product/pack-10h,35,31,27,17,5,87.1,63.0,16.1,29.4
2026-W23,product/conduite-accompagnee-first,71,64,51,44,22,79.7,86.3,34.4,50.0
2026-W23,product/pack-20h,53,24,23,17,0,95.8,73.9,0.0,0.0
2026-W23,product/pack-permis-complet-boite-automatique-revolut,45,39,32,24,10,82.1,75.0,25.6,41.7
2026-W23,emailcrmheader,71,60,55,42,9,91.7,76.4,15.0,21.4
2026-W23,product/pack-5h-boite-automatique,15,14,10,10,5,71.4,100.0,35.7,50.0
2026-W23,product/pack-10h-boite-automatique,19,16,14,11,5,87.5,78.6,31.2,45.5
2026-W23,checkout/pack-permis-complet,22,20,16,12,4,80.0,75.0,20.0,33.3
2026-W23,product/conduite-accompagnee-boite-automatique-first,16,15,13,12,5,86.7,92.3,33.3,41.7
2026-W23,checkout/pack-permis-complet-sans-code,14,11,9,8,2,81.8,88.9,18.2,25.0
2026-W23,infocards,0,0,0,0,0,0,0,0,0
2026-W23,checkout/pack-permis-complet-sans-code-lead,11,10,10,8,4,100.0,80.0,40.0,50.0
2026-W23,checkout/pack-permis-complet-boite-automatique,8,8,7,6,2,87.5,85.7,25.0,33.3
2026-W23,checkout/pack-permis-complet-revolut,8,7,7,6,3,100.0,85.7,42.9,50.0
2026-W23,checkout/pack-permis-complet-boite-automatique-sans-code-lead,11,10,9,8,6,90.0,88.9,60.0,75.0
2026-W23,checkout/pack-5h,4,4,2,2,1,50.0,100.0,25.0,50.0
2026-W23,checkout/conduite-accompagnee-first,7,6,5,5,3,83.3,100.0,50.0,60.0
2026-W23,checkout/pack-permis-complet-boite-automatique-sans-code,8,8,6,5,4,75.0,83.3,50.0,80.0
2026-W23,checkout/pack-5h-boite-automatique,6,5,4,3,0,80.0,75.0,0.0,0.0
2026-W23,product/rendez-vous-pedagogiques,2,2,2,2,0,100.0,100.0,0.0,0.0
2026-W23,checkout/pack-10h,5,5,5,3,1,100.0,60.0,20.0,33.3
2026-W23,checkout/pack-permis-complet-boite-automatique-revolut,0,0,0,0,0,0,0,0,0
2026-W23,chatbot_support,0,0,0,0,0,0,0,0,0
2026-W23,product/pack-permis-casa-nord-france,0,0,0,0,0,0,0,0,0
2026-W23,home_widget,0,0,0,0,0,0,0,0,0
2026-W23,checkout/pack-10h-boite-automatique,0,0,0,0,0,0,0,0,0
2026-W23,checkout/pack-20h,1,1,1,1,0,100.0,100.0,0.0,0.0
2026-W23,checkout/conduite-accompagnee-boite-automatique-first,2,2,2,2,1,100.0,100.0,50.0,50.0
2026-W23,product/pack-permis-boite-automatique-casa-nord-france,0,0,0,0,0,0,0,0,0
2026-W23,product/rendez-vous-pedagogiques-automatique,0,0,0,0,0,0,0,0,0
2026-W23,checkout/pack-permis-complet-boite-automatique-sans-code-et-reussite-conduite-plus,0,0,0,0,0,0,0,0,0
2026-W23,checkout/pack-permis-complet-et-reussite-code-plus,0,0,0,0,0,0,0,0,0
2026-W23,checkout/pack-permis-casa-nord-france,0,0,0,0,0,0,0,0,0
2026-W23,checkout/rendez-vous-pedagogiques,0,0,0,0,0,0,0,0,0
2026-W23,checkout/pack-permis-complet-boite-automatique-et-reussite-code-plus,0,0,0,0,0,0,0,0,0
2026-W23,checkout/pack-permis-boite-automatique-casa-nord-france,0,0,0,0,0,0,0,0,0
2026-W23,checkout/pack-permis-complet-boite-automatique-sans-code-et-reussite-conduite-plus-lead,0,0,0,0,0,0,0,0,0
2026-W23,emailcrm&utm_medium=email&utm_source=crm&utm_campaign=3b74f603-2f61-4df1-9869-4dff5e11d8e9,0,0,0,0,0,0,0,0,0
2026-W23,permis_widget,0,0,0,0,0,0,0,0,0
